,最后收益,最大收益,模拟最大回撤,赢撤率,夏普率,平均收益,开仓次数,胜率,盈亏比,参数1,参数2,参数3,参数4
504,-605.0,381.0,986.0,-0.6135902636916836,-0.581220001192321,-127.03432106671073,38.0,0.7631578947368421,0.652498564043653,50.0,240.0,200.0,0.0
516,-588.0,398.0,986.0,-0.5963488843813387,-0.5200091473998502,-113.77411925098893,38.0,0.7631578947368421,0.6622630672027571,50.0,250.0,200.0,0.0
274,-535.0,36.0,733.0,-0.7298772169167803,-1.833421469693181,-413.2120924179672,18.0,0.7777777777777778,0.3592814371257485,45.0,150.0,300.0,0.0
492,-523.0,339.0,934.0,-0.5599571734475375,-0.7306024514043562,-147.51618450542753,38.0,0.7631578947368421,0.6995979322228605,50.0,230.0,200.0,0.0
298,-515.0,36.0,733.0,-0.7025920873124147,-1.832198718434828,-411.41041199739726,18.0,0.7777777777777778,0.38323353293413176,45.0,170.0,300.0,0.0
286,-515.0,36.0,733.0,-0.7025920873124147,-1.832198718434828,-411.41041199739726,18.0,0.7777777777777778,0.38323353293413176,45.0,160.0,300.0,0.0
310,-502.0,36.0,733.0,-0.684856753069577,-1.8308003142634006,-410.253891201289,18.0,0.7777777777777778,0.39880239520958083,45.0,180.0,300.0,0.0
322,-501.0,36.0,733.0,-0.6834924965893588,-1.8306705888173262,-410.16413794528046,18.0,0.7777777777777778,0.4,45.0,190.0,300.0,0.0
334,-489.0,36.0,733.0,-0.6671214188267395,-1.8288831650826154,-409.08776505097035,18.0,0.7777777777777778,0.41437125748502995,45.0,200.0,300.0,0.0
372,-489.0,413.0,902.0,-0.5421286031042128,-0.36547205856066184,-70.54953987254831,38.0,0.7631578947368421,0.699076923076923,45.0,240.0,200.0,0.0
346,-482.0,36.0,733.0,-0.6575716234652115,-1.8276412548343968,-408.459843422398,18.0,0.7777777777777778,0.4227544910179641,45.0,210.0,300.0,0.0
384,-472.0,430.0,902.0,-0.5232815964523282,-0.2950838038325355,-57.289338056826516,38.0,0.7631578947368421,0.7095384615384616,45.0,250.0,200.0,0.0
358,-465.0,36.0,733.0,-0.6343792633015006,-1.8240120347098567,-406.9351173815598,18.0,0.7777777777777778,0.44311377245508987,45.0,220.0,300.0,0.0
370,-455.0,36.0,733.0,-0.6207366984993179,-1.821470076955313,-406.038302640956,18.0,0.7777777777777778,0.45508982035928147,45.0,230.0,300.0,0.0
521,-454.0,241.0,726.0,-0.6253443526170799,-1.7475949835500053,-256.8092975697421,25.0,0.76,0.4473684210526316,50.0,250.0,250.0,0.0
142,-440.0,36.0,638.0,-0.6896551724137931,-1.7637662482800835,-339.15735222730603,18.0,0.7777777777777778,0.4054054054054054,40.0,150.0,300.0,0.0
394,-422.0,36.0,733.0,-0.5757162346521146,-1.81094146142134,-403.07915121719464,18.0,0.7777777777777778,0.4946107784431138,45.0,250.0,300.0,0.0
382,-422.0,36.0,733.0,-0.5757162346521146,-1.81094146142134,-403.07915121719464,18.0,0.7777777777777778,0.4946107784431138,45.0,240.0,300.0,0.0
166,-420.0,36.0,638.0,-0.658307210031348,-1.7615401101745507,-337.35567180673615,18.0,0.7777777777777778,0.43243243243243246,40.0,170.0,300.0,0.0
154,-420.0,36.0,638.0,-0.658307210031348,-1.7615401101745507,-337.35567180673615,18.0,0.7777777777777778,0.43243243243243246,40.0,160.0,300.0,0.0
500,-418.0,26.0,691.0,-0.6049204052098408,-1.6282115301075737,-357.45336755455946,23.0,0.6521739130434783,0.5777777777777777,50.0,230.0,280.0,0.0
512,-418.0,26.0,691.0,-0.6049204052098408,-1.6282115301075737,-357.45336755455946,23.0,0.6521739130434783,0.5777777777777777,50.0,240.0,280.0,0.0
360,-407.0,371.0,854.0,-0.4765807962529274,-0.519328568591476,-91.03140331126512,38.0,0.7631578947368421,0.7495384615384615,45.0,230.0,200.0,0.0
178,-407.0,36.0,638.0,-0.6379310344827587,-1.7592949169405037,-336.1991510106279,18.0,0.7777777777777778,0.44999999999999996,40.0,180.0,300.0,0.0
190,-406.0,36.0,638.0,-0.6363636363636364,-1.7590924926918732,-336.10939775461935,18.0,0.7777777777777778,0.45135135135135135,40.0,190.0,300.0,0.0
389,-398.0,241.0,720.0,-0.5527777777777778,-1.716831212248287,-245.40555251443385,25.0,0.76,0.4713193116634799,45.0,250.0,250.0,0.0
202,-394.0,36.0,638.0,-0.6175548589341693,-1.7563571397437097,-335.03302486030924,18.0,0.7777777777777778,0.46756756756756757,40.0,200.0,300.0,0.0
214,-387.0,36.0,638.0,-0.6065830721003135,-1.754497099131833,-334.4051032317369,18.0,0.7777777777777778,0.477027027027027,40.0,210.0,300.0,0.0
524,-384.0,26.0,691.0,-0.5557163531114327,-1.6201485312142707,-354.40966835707127,23.0,0.6521739130434783,0.6121212121212122,50.0,250.0,280.0,0.0
226,-370.0,36.0,638.0,-0.5799373040752351,-1.7491682329526224,-332.8803771908987,18.0,0.7777777777777778,0.5,40.0,220.0,300.0,0.0
10,-362.0,5.0,540.0,-0.6703703703703704,-1.772056445048957,-306.4533468978837,18.0,0.7777777777777778,0.45317220543806647,35.0,150.0,300.0,0.0
238,-360.0,36.0,638.0,-0.5642633228840125,-1.7454963030020303,-331.98356245029487,18.0,0.7777777777777778,0.5135135135135135,40.0,230.0,300.0,0.0
34,-342.0,5.0,540.0,-0.6333333333333333,-1.765883765196631,-304.6516664773138,18.0,0.7777777777777778,0.4833836858006042,35.0,170.0,300.0,0.0
22,-342.0,5.0,540.0,-0.6333333333333333,-1.765883765196631,-304.6516664773138,18.0,0.7777777777777778,0.4833836858006042,35.0,160.0,300.0,0.0
46,-329.0,5.0,540.0,-0.6092592592592593,-1.7608908688327842,-303.49514568120554,18.0,0.7777777777777778,0.5030211480362538,35.0,180.0,300.0,0.0
58,-328.0,5.0,540.0,-0.6074074074074074,-1.7604689305599042,-303.405392425197,18.0,0.7777777777777778,0.5045317220543807,35.0,190.0,300.0,0.0
262,-327.0,36.0,638.0,-0.512539184952978,-1.7305747734635533,-329.0244110265335,18.0,0.7777777777777778,0.5581081081081081,40.0,250.0,300.0,0.0
250,-327.0,36.0,638.0,-0.512539184952978,-1.7305747734635533,-329.0244110265335,18.0,0.7777777777777778,0.5581081081081081,40.0,240.0,300.0,0.0
70,-316.0,5.0,540.0,-0.5851851851851851,-1.755030031293069,-302.3290195308869,18.0,0.7777777777777778,0.5226586102719033,35.0,200.0,300.0,0.0
240,-316.0,458.0,774.0,-0.4082687338501292,-0.02761266503485621,-4.5844289978413775,38.0,0.7631578947368421,0.7823691460055097,40.0,240.0,200.0,0.0
380,-310.0,33.0,627.0,-0.4944178628389155,-1.6243444217441807,-321.5600592846593,23.0,0.6521739130434783,0.6485260770975058,45.0,240.0,280.0,0.0
368,-310.0,33.0,627.0,-0.4944178628389155,-1.6243444217441807,-321.5600592846593,23.0,0.6521739130434783,0.6485260770975058,45.0,230.0,280.0,0.0
82,-309.0,5.0,540.0,-0.5722222222222222,-1.7515343243181893,-301.7010979023146,18.0,0.7777777777777778,0.5332326283987915,35.0,210.0,300.0,0.0
257,-309.0,241.0,681.0,-0.45374449339207046,-1.4872459074085889,-203.11388541741977,25.0,0.76,0.5151515151515151,40.0,250.0,250.0,0.0
252,-299.0,475.0,774.0,-0.3863049095607235,0.051489298201012244,8.675772817880418,38.0,0.7631578947368421,0.7940771349862259,40.0,250.0,200.0,0.0
94,-292.0,5.0,540.0,-0.5407407407407407,-1.7420659512542276,-300.17637186147635,18.0,0.7777777777777778,0.5589123867069486,35.0,220.0,300.0,0.0
297,-287.0,36.0,600.0,-0.47833333333333333,-1.697715744356781,-289.93670794559034,22.0,0.6818181818181818,0.6595492289442468,45.0,170.0,290.0,0.0
106,-282.0,5.0,540.0,-0.5222222222222223,-1.7358562574651908,-299.27955712087254,18.0,0.7777777777777778,0.5740181268882175,35.0,230.0,300.0,0.0
392,-276.0,33.0,627.0,-0.44019138755980863,-1.6076076230040657,-318.51636008717117,23.0,0.6521739130434783,0.6870748299319728,45.0,250.0,280.0,0.0
309,-275.0,36.0,600.0,-0.4583333333333333,-1.6919312260701225,-288.8603350512802,22.0,0.6818181818181818,0.6737841043890866,45.0,180.0,290.0,0.0
407,-274.0,36.0,706.0,-0.3881019830028329,-1.7218444767382908,-360.65580297662694,22.0,0.7272727272727273,0.7072649572649573,50.0,150.0,310.0,0.0
415,-273.0,175.0,719.0,-0.3796940194714882,-1.3405800440688889,-274.1049255843257,26.0,0.6538461538461539,0.7497708524289644,50.0,160.0,270.0,0.0
419,-268.0,36.0,706.0,-0.37960339943342775,-1.7167799860749324,-358.5959915720763,22.0,0.7272727272727273,0.7136752136752137,50.0,160.0,310.0,0.0
369,-266.0,36.0,600.0,-0.44333333333333336,-1.6660036428459388,-302.74732754257855,22.0,0.6818181818181818,0.6844602609727164,45.0,230.0,290.0,0.0
357,-266.0,36.0,600.0,-0.44333333333333336,-1.6660036428459388,-302.74732754257855,22.0,0.6818181818181818,0.6844602609727164,45.0,220.0,290.0,0.0
381,-266.0,36.0,600.0,-0.44333333333333336,-1.6660036428459388,-302.74732754257855,22.0,0.6818181818181818,0.6844602609727164,45.0,240.0,290.0,0.0
509,-264.0,241.0,515.0,-0.512621359223301,-0.4913764071368071,-65.34622654176263,25.0,0.76,0.6197822141560798,50.0,240.0,250.0,0.0
283,-263.0,175.0,784.0,-0.3354591836734694,-1.412890513084972,-318.82300843825203,26.0,0.6923076923076923,0.7476007677543186,45.0,160.0,270.0,0.0
165,-261.0,36.0,589.0,-0.4431239388794567,-1.6461998020332733,-276.8607481847946,22.0,0.6818181818181818,0.6805385556915545,40.0,170.0,290.0,0.0
248,-258.0,35.0,591.0,-0.4365482233502538,-1.6125684184491118,-294.4434781710579,23.0,0.6521739130434783,0.689156626506024,40.0,240.0,280.0,0.0
236,-258.0,35.0,591.0,-0.4365482233502538,-1.6125684184491118,-294.4434781710579,23.0,0.6521739130434783,0.689156626506024,40.0,230.0,280.0,0.0
118,-249.0,5.0,540.0,-0.46111111111111114,-1.7121022173665872,-296.32040569711114,18.0,0.7777777777777778,0.6238670694864048,35.0,240.0,300.0,0.0
177,-249.0,36.0,589.0,-0.4227504244482173,-1.6395447594514962,-275.7843752904845,22.0,0.6818181818181818,0.6952264381884945,40.0,180.0,290.0,0.0
130,-249.0,5.0,540.0,-0.46111111111111114,-1.7121022173665872,-296.32040569711114,18.0,0.7777777777777778,0.6238670694864048,35.0,250.0,300.0,0.0
427,-248.0,184.0,719.0,-0.34492350486787204,-1.2958975311825933,-263.3295514402867,26.0,0.6538461538461539,0.772685609532539,50.0,170.0,270.0,0.0
321,-247.0,36.0,600.0,-0.4116666666666667,-1.6768054689737537,-283.55943442021874,22.0,0.6818181818181818,0.7069988137603795,45.0,190.0,290.0,0.0
108,-247.0,454.0,701.0,-0.35235378031383735,0.015086908721128127,2.2544644240402394,38.0,0.7894736842105263,0.820754716981132,35.0,240.0,200.0,0.0
225,-240.0,36.0,589.0,-0.4074702886247878,-1.6175884372001934,-289.67136778178286,22.0,0.6818181818181818,0.7062423500611995,40.0,220.0,290.0,0.0
237,-240.0,36.0,589.0,-0.4074702886247878,-1.6175884372001934,-289.67136778178286,22.0,0.6818181818181818,0.7062423500611995,40.0,230.0,290.0,0.0
249,-240.0,36.0,589.0,-0.4074702886247878,-1.6175884372001934,-289.67136778178286,22.0,0.6818181818181818,0.7062423500611995,40.0,240.0,290.0,0.0
295,-238.0,184.0,784.0,-0.30357142857142855,-1.3708383741795287,-308.047634294213,26.0,0.6923076923076923,0.7715930902111324,45.0,170.0,270.0,0.0
228,-234.0,416.0,760.0,-0.3078947368421053,-0.1697632664238195,-25.066292436558186,38.0,0.7631578947368421,0.8388429752066116,40.0,230.0,200.0,0.0
19,-233.0,175.0,737.0,-0.31614654002713705,-1.3782552858303165,-282.31607295937863,26.0,0.7307692307692307,0.7636916835699797,35.0,160.0,270.0,0.0
393,-232.0,36.0,600.0,-0.38666666666666666,-1.6438862285471845,-299.7036283450904,22.0,0.6818181818181818,0.7247924080664294,45.0,250.0,290.0,0.0
104,-231.0,40.0,569.0,-0.40597539543058,-1.591246831051357,-278.513483645077,23.0,0.6521739130434783,0.7123287671232877,35.0,230.0,280.0,0.0
116,-231.0,40.0,569.0,-0.40597539543058,-1.591246831051357,-278.513483645077,23.0,0.6521739130434783,0.7123287671232877,35.0,240.0,280.0,0.0
120,-230.0,471.0,701.0,-0.3281027104136947,0.10169884144154633,15.514666239762034,38.0,0.7894736842105263,0.8330914368650217,35.0,250.0,200.0,0.0
333,-230.0,36.0,600.0,-0.38333333333333336,-1.6653611433110909,-279.49976761239816,22.0,0.6818181818181818,0.727164887307236,45.0,200.0,290.0,0.0
275,-229.0,36.0,677.0,-0.33825701624815363,-1.6860544420966328,-334.73681845880543,22.0,0.7272727272727273,0.7429854096520763,45.0,150.0,310.0,0.0
260,-224.0,35.0,591.0,-0.3790186125211506,-1.5907095535548272,-291.39977897356977,23.0,0.6521739130434783,0.7301204819277108,40.0,250.0,280.0,0.0
151,-223.0,175.0,755.0,-0.295364238410596,-1.3963070023283488,-298.4299273917848,26.0,0.6923076923076923,0.7774451097804391,40.0,160.0,270.0,0.0
287,-223.0,36.0,677.0,-0.3293943870014771,-1.6799276643578072,-332.6770070542548,22.0,0.7272727272727273,0.7497194163860831,45.0,160.0,310.0,0.0
189,-221.0,36.0,589.0,-0.37521222410865873,-1.6214391902659808,-270.48347465942305,22.0,0.6818181818181818,0.7294981640146878,40.0,190.0,290.0,0.0
431,-220.0,36.0,706.0,-0.311614730878187,-1.666147375315826,-350.08423792359093,22.0,0.7272727272727273,0.7649572649572649,50.0,170.0,310.0,0.0
439,-210.0,202.0,719.0,-0.29207232267037553,-1.207692945461997,-241.55246279216286,26.0,0.6538461538461539,0.8075160403299725,50.0,180.0,270.0,0.0
377,-208.0,241.0,509.0,-0.4086444007858546,-0.41922621241766167,-53.94248148645438,25.0,0.76,0.652963671128107,45.0,240.0,250.0,0.0
31,-208.0,184.0,734.0,-0.28337874659400547,-1.3315852662505734,-271.5406988153396,26.0,0.7307692307692307,0.7890466531440162,35.0,170.0,270.0,0.0
261,-206.0,36.0,589.0,-0.34974533106960953,-1.5933678352390985,-286.6276685842947,22.0,0.6818181818181818,0.7478580171358629,40.0,250.0,290.0,0.0
201,-204.0,36.0,589.0,-0.3463497453310696,-1.6078676868796522,-266.4238078516024,22.0,0.6818181818181818,0.7503059975520197,40.0,200.0,290.0,0.0
345,-201.0,36.0,600.0,-0.335,-1.640441613319212,-272.08271965792545,22.0,0.6818181818181818,0.7615658362989324,45.0,210.0,290.0,0.0
307,-200.0,202.0,784.0,-0.25510204081632654,-1.289224783297741,-286.27054564608915,26.0,0.6923076923076923,0.8080614203454896,45.0,180.0,270.0,0.0
33,-200.0,43.0,545.0,-0.3669724770642202,-1.6026104428172538,-248.0447991654703,22.0,0.6818181818181818,0.7354497354497355,35.0,170.0,290.0,0.0
443,-199.0,36.0,706.0,-0.2818696883852691,-1.6409571395986258,-342.87517687278586,22.0,0.7272727272727273,0.7873931623931624,50.0,180.0,310.0,0.0
163,-198.0,184.0,755.0,-0.26225165562913905,-1.3507088927839257,-287.65455324774587,26.0,0.6923076923076923,0.8023952095808383,40.0,170.0,270.0,0.0
128,-197.0,40.0,569.0,-0.3462214411247803,-1.5665797966067354,-275.46978444758884,23.0,0.6521739130434783,0.7546699875466999,35.0,250.0,280.0,0.0
401,-194.0,178.0,429.0,-0.4522144522144522,-0.44824920980225336,-50.43786988359963,26.0,0.6923076923076923,0.8129218900675025,50.0,150.0,250.0,0.0
403,-192.0,175.0,730.0,-0.26301369863013696,-1.3435083298564277,-281.00589231674945,26.0,0.6538461538461539,0.8240146654445463,50.0,150.0,270.0,0.0
468,-191.0,366.0,613.0,-0.31158238172920066,-0.0847774980176869,-12.538529864388924,38.0,0.7368421052631579,0.8856971873129862,50.0,210.0,200.0,0.0
273,-189.0,36.0,600.0,-0.315,-1.6858259124553359,-293.4634480123114,22.0,0.6818181818181818,0.7758007117437723,45.0,150.0,290.0,0.0
45,-188.0,43.0,545.0,-0.344954128440367,-1.5930995239494075,-246.96842627116018,22.0,0.6818181818181818,0.7513227513227513,35.0,180.0,290.0,0.0
440,-187.0,26.0,439.0,-0.42596810933940776,-1.6882222626767986,-216.72781731235992,23.0,0.6086956521739131,0.7991407089151449,50.0,180.0,280.0,0.0
406,-185.0,36.0,746.0,-0.2479892761394102,-1.5820525341619687,-358.125577095878,18.0,0.6666666666666666,0.765228426395939,50.0,150.0,300.0,0.0
271,-182.0,175.0,784.0,-0.23214285714285715,-1.4192735989964718,-325.72397517067577,26.0,0.6923076923076923,0.8253358925143954,45.0,150.0,270.0,0.0
117,-179.0,43.0,545.0,-0.3284403669724771,-1.5840672070640514,-260.85541876245856,22.0,0.6818181818181818,0.7632275132275133,35.0,240.0,290.0,0.0
105,-179.0,43.0,545.0,-0.3284403669724771,-1.5840672070640514,-260.85541876245856,22.0,0.6818181818181818,0.7632275132275133,35.0,230.0,290.0,0.0
93,-179.0,43.0,545.0,-0.3284403669724771,-1.5840672070640514,-260.85541876245856,22.0,0.6818181818181818,0.7632275132275133,35.0,220.0,290.0,0.0
497,-178.0,231.0,515.0,-0.34563106796116505,-0.4342486308827476,-57.22691874696605,25.0,0.76,0.6978221415607985,50.0,230.0,250.0,0.0
455,-178.0,36.0,706.0,-0.2521246458923513,-1.6163161424671029,-340.133204573388,22.0,0.7272727272727273,0.8098290598290597,50.0,190.0,310.0,0.0
213,-175.0,36.0,589.0,-0.29711375212224106,-1.5791270160507662,-259.00675989712977,22.0,0.6818181818181818,0.7858017135862913,40.0,210.0,290.0,0.0
299,-175.0,36.0,677.0,-0.258493353028065,-1.6211861517153339,-324.1652534057694,22.0,0.7272727272727273,0.8035914702581369,45.0,170.0,310.0,0.0
143,-175.0,36.0,650.0,-0.2692307692307692,-1.6076488717731754,-309.9979033474143,22.0,0.7272727272727273,0.7909199522102748,40.0,150.0,310.0,0.0
285,-175.0,36.0,600.0,-0.2916666666666667,-1.6791873677383338,-292.28663719647597,22.0,0.6818181818181818,0.7924080664294186,45.0,160.0,290.0,0.0
43,-170.0,202.0,725.0,-0.23448275862068965,-1.2405996516236069,-249.7636101672158,26.0,0.7307692307692307,0.8275862068965518,35.0,180.0,270.0,0.0
155,-169.0,36.0,650.0,-0.26,-1.599311609293439,-307.93809194286365,22.0,0.7272727272727273,0.7980884109916369,40.0,160.0,310.0,0.0
96,-165.0,412.0,698.0,-0.23638968481375358,-0.13789626627097,-18.227399014676568,38.0,0.7894736842105263,0.8802612481857766,35.0,230.0,200.0,0.0
141,-163.0,36.0,589.0,-0.2767402376910017,-1.635357583837542,-280.38748825151566,22.0,0.6818181818181818,0.8004895960832313,40.0,150.0,290.0,0.0
57,-160.0,43.0,545.0,-0.29357798165137616,-1.5643344613163703,-241.66752564009875,22.0,0.6818181818181818,0.7883597883597884,35.0,190.0,290.0,0.0
175,-160.0,202.0,755.0,-0.2119205298013245,-1.262447319482772,-265.877464599622,26.0,0.6923076923076923,0.8403193612774451,40.0,180.0,270.0,0.0
467,-158.0,36.0,706.0,-0.2237960339943343,-1.5867234412639084,-334.1396546203819,22.0,0.7272727272727273,0.8311965811965812,50.0,200.0,310.0,0.0
125,-158.0,241.0,590.0,-0.2677966101694915,-1.0400957667106472,-133.1228555788517,25.0,0.76,0.6116625310173698,35.0,250.0,250.0,0.0
413,-157.0,205.0,429.0,-0.36596736596736595,-0.33655104648803813,-39.56885386434761,26.0,0.6923076923076923,0.8486017357762777,50.0,160.0,250.0,0.0
480,-156.0,401.0,613.0,-0.2544861337683524,0.08690428606346817,13.433914130199026,38.0,0.7368421052631579,0.9066427289048473,50.0,220.0,200.0,0.0
311,-154.0,36.0,677.0,-0.2274741506646972,-1.5917995145152324,-316.95619235496434,22.0,0.7272727272727273,0.8271604938271605,45.0,180.0,310.0,0.0
452,-154.0,26.0,434.0,-0.3548387096774194,-1.6422219410450534,-208.781819026864,23.0,0.6086956521739131,0.8345864661654135,50.0,190.0,280.0,0.0
7,-152.0,175.0,750.0,-0.20266666666666666,-1.3848662815067705,-289.2170396918024,26.0,0.7307692307692307,0.8458417849898581,35.0,150.0,270.0,0.0
153,-149.0,36.0,589.0,-0.2529711375212224,-1.6278067199819086,-279.2106774356803,22.0,0.6818181818181818,0.817625458996328,40.0,160.0,290.0,0.0
129,-145.0,43.0,545.0,-0.26605504587155965,-1.5517921998365125,-257.8117195649704,22.0,0.6818181818181818,0.8082010582010583,35.0,250.0,290.0,0.0
451,-144.0,219.0,719.0,-0.20027816411682892,-1.0939170975319856,-212.36460581898555,26.0,0.6538461538461539,0.8680109990834096,50.0,190.0,270.0,0.0
69,-143.0,43.0,545.0,-0.26238532110091745,-1.5428196184838483,-237.6078588322781,22.0,0.6818181818181818,0.8108465608465609,35.0,200.0,290.0,0.0
139,-142.0,175.0,755.0,-0.1880794701986755,-1.4052021488746593,-305.3308941242086,26.0,0.6923076923076923,0.8582834331337326,40.0,150.0,270.0,0.0
429,-138.0,36.0,652.0,-0.2116564417177914,-1.5110986875263626,-277.4161442249099,22.0,0.6363636363636364,0.8404624277456647,50.0,170.0,290.0,0.0
269,-138.0,184.0,423.0,-0.3262411347517731,-0.3459959635754383,-39.03412482829138,26.0,0.6923076923076923,0.8593272171253823,45.0,150.0,250.0,0.0
319,-134.0,219.0,784.0,-0.17091836734693877,-1.1816635635278587,-257.08268867291184,26.0,0.6923076923076923,0.871401151631478,45.0,190.0,270.0,0.0
323,-133.0,36.0,677.0,-0.1964549483013294,-1.5639777291446086,-314.21422005556644,22.0,0.7272727272727273,0.8507295173961841,45.0,190.0,310.0,0.0
488,-132.0,26.0,431.0,-0.3062645011600928,-1.6236001428277032,-206.28105989403124,23.0,0.6086956521739131,0.8582169709989258,50.0,220.0,280.0,0.0
425,-127.0,221.0,427.0,-0.297423887587822,-0.173476284254352,-20.435468545047044,25.0,0.72,0.7280617164898746,50.0,170.0,250.0,0.0
463,-123.0,219.0,719.0,-0.17107093184979139,-1.0767703990970117,-209.19906321975606,26.0,0.6538461538461539,0.8872593950504125,50.0,200.0,270.0,0.0
365,-122.0,231.0,509.0,-0.23968565815324164,-0.34800437856572863,-45.8231736916578,25.0,0.76,0.7351816443594646,45.0,230.0,250.0,0.0
418,-121.0,36.0,746.0,-0.16219839142091153,-1.4935106834509282,-347.95237086995587,18.0,0.6666666666666666,0.8464467005076142,50.0,160.0,300.0,0.0
167,-121.0,36.0,650.0,-0.18615384615384614,-1.5306168645066254,-299.4263382943783,22.0,0.7272727272727273,0.8554360812425329,40.0,170.0,310.0,0.0
430,-121.0,36.0,746.0,-0.16219839142091153,-1.4935106834509282,-347.95237086995587,18.0,0.6666666666666666,0.8464467005076142,50.0,170.0,300.0,0.0
245,-119.0,241.0,470.0,-0.2531914893617021,-0.09376423054074011,-11.650814389440308,25.0,0.76,0.7136886102403344,40.0,240.0,250.0,0.0
441,-118.0,36.0,652.0,-0.18098159509202455,-1.4859134150885493,-274.7543198273102,22.0,0.6363636363636364,0.8635838150289018,50.0,180.0,290.0,0.0
81,-114.0,43.0,545.0,-0.20917431192660552,-1.4993147544950776,-230.19081087780543,22.0,0.6818181818181818,0.8492063492063493,35.0,210.0,290.0,0.0
331,-113.0,219.0,784.0,-0.1441326530612245,-1.1632695649461677,-253.91714607368237,26.0,0.6923076923076923,0.8915547024952015,45.0,200.0,270.0,0.0
335,-113.0,36.0,677.0,-0.16691285081240767,-1.5303173336568352,-308.2206701025604,22.0,0.7272727272727273,0.8731762065095398,45.0,200.0,310.0,0.0
479,-112.0,36.0,706.0,-0.15864022662889518,-1.5179649564295379,-324.83937368959215,22.0,0.7272727272727273,0.8803418803418804,50.0,210.0,310.0,0.0
464,-111.0,26.0,431.0,-0.25754060324825984,-1.5449434448192612,-190.9683797936398,23.0,0.6086956521739131,0.8807733619763696,50.0,200.0,280.0,0.0
55,-104.0,219.0,716.0,-0.1452513966480447,-1.1190132970359012,-220.57575319403847,26.0,0.7307692307692307,0.8945233265720081,35.0,190.0,270.0,0.0
9,-102.0,43.0,545.0,-0.1871559633027523,-1.5945294196576763,-251.57153923219136,22.0,0.6818181818181818,0.8650793650793651,35.0,150.0,290.0,0.0
491,-102.0,36.0,706.0,-0.14447592067988668,-1.5052446627613376,-323.1817580896706,22.0,0.7272727272727273,0.8910256410256411,50.0,220.0,310.0,0.0
281,-101.0,219.0,423.0,-0.23877068557919623,-0.23537167619898533,-28.16510880903936,26.0,0.6923076923076923,0.8970438328236494,45.0,160.0,250.0,0.0
179,-100.0,36.0,650.0,-0.15384615384615385,-1.4941299996694986,-292.21727724357316,22.0,0.7272727272727273,0.8805256869772998,40.0,180.0,310.0,0.0
336,-95.0,406.0,561.0,-0.16934046345811052,0.23501415382453802,35.01071048636143,38.0,0.7368421052631579,0.9396825396825397,45.0,210.0,200.0,0.0
187,-94.0,219.0,755.0,-0.12450331125827814,-1.1437903963278397,-236.68960762644468,26.0,0.6923076923076923,0.906187624750499,40.0,190.0,270.0,0.0
21,-88.0,43.0,545.0,-0.1614678899082569,-1.5839112066311456,-250.39472841635595,22.0,0.6818181818181818,0.8835978835978836,35.0,160.0,290.0,0.0
442,-86.0,36.0,746.0,-0.11528150134048257,-1.4443504959955038,-342.63953584449655,18.0,0.6666666666666666,0.8908629441624365,50.0,180.0,300.0,0.0
475,-85.0,230.0,719.0,-0.11821974965229486,-1.0024651609494049,-194.4250937296661,26.0,0.6538461538461539,0.922089825847846,50.0,210.0,270.0,0.0
67,-83.0,219.0,716.0,-0.11592178770949721,-1.0991206140077492,-217.41021059480897,26.0,0.7307692307692307,0.9158215010141988,35.0,200.0,270.0,0.0
476,-82.0,53.0,431.0,-0.1902552204176334,-1.4718988047068244,-183.55133183916712,23.0,0.6086956521739131,0.9119226638023631,50.0,210.0,280.0,0.0
527,-81.0,36.0,706.0,-0.11473087818696884,-1.4939946900188836,-335.9733528883197,22.0,0.7272727272727273,0.9134615384615384,50.0,250.0,310.0,0.0
191,-79.0,36.0,650.0,-0.12153846153846154,-1.463667323918551,-289.4753049441753,22.0,0.7272727272727273,0.905615292712067,40.0,190.0,310.0,0.0
308,-79.0,51.0,430.0,-0.18372093023255814,-1.481687423668548,-180.83450904245979,23.0,0.6086956521739131,0.9040097205346294,45.0,180.0,280.0,0.0
453,-79.0,51.0,652.0,-0.12116564417177914,-1.4306119689950585,-267.27527602482934,22.0,0.6363636363636364,0.9086705202312139,50.0,190.0,290.0,0.0
437,-79.0,262.0,426.0,-0.18544600938967137,0.044010902468249506,5.3901529626837155,25.0,0.72,0.7743490838958534,50.0,180.0,250.0,0.0
343,-75.0,230.0,784.0,-0.09566326530612244,-1.0941629576627305,-239.1431765835924,26.0,0.6923076923076923,0.9280230326295584,45.0,210.0,270.0,0.0
199,-73.0,219.0,755.0,-0.09668874172185431,-1.1227807952154127,-233.52406502721516,26.0,0.6923076923076923,0.9271457085828343,40.0,200.0,270.0,0.0
293,-71.0,249.0,421.0,-0.16864608076009502,-0.07492556234413704,-9.031723489738797,25.0,0.72,0.7696228338430173,45.0,170.0,250.0,0.0
347,-67.0,36.0,677.0,-0.09896602658788774,-1.4538676859870812,-298.9203891717706,22.0,0.7272727272727273,0.9248035914702581,45.0,210.0,310.0,0.0
405,-60.0,36.0,652.0,-0.09202453987730061,-1.538704585939342,-284.9065956765578,22.0,0.6363636363636364,0.930635838150289,50.0,150.0,290.0,0.0
348,-60.0,441.0,561.0,-0.10695187165775401,0.38734970633003246,60.98315448094938,38.0,0.7368421052631579,0.9619047619047618,45.0,220.0,200.0,0.0
203,-59.0,36.0,650.0,-0.09076923076923077,-1.4247446072886638,-283.4817549911693,22.0,0.7272727272727273,0.929510155316607,40.0,200.0,310.0,0.0
503,-58.0,36.0,706.0,-0.0821529745042493,-1.432226435885617,-311.77778581092946,22.0,0.7272727272727273,0.938034188034188,50.0,230.0,310.0,0.0
359,-57.0,36.0,677.0,-0.08419497784342689,-1.439887587149904,-297.2627735718491,22.0,0.7272727272727273,0.936026936026936,45.0,220.0,310.0,0.0
501,-56.0,74.0,652.0,-0.08588957055214724,-1.4078558678069648,-278.1501120624658,22.0,0.6363636363636364,0.9352601156069364,50.0,230.0,290.0,0.0
489,-56.0,74.0,652.0,-0.08588957055214724,-1.4078558678069648,-278.1501120624658,22.0,0.6363636363636364,0.9352601156069364,50.0,220.0,290.0,0.0
11,-56.0,53.0,572.0,-0.0979020979020979,-1.4245050161034876,-242.57465839022527,22.0,0.7272727272727273,0.9220055710306407,35.0,150.0,310.0,0.0
454,-55.0,36.0,746.0,-0.07372654155495978,-1.3925356301571572,-336.8827010669173,18.0,0.6666666666666666,0.9302030456852791,50.0,190.0,300.0,0.0
23,-50.0,53.0,572.0,-0.08741258741258741,-1.4107967715778191,-240.5148469856746,22.0,0.7272727272727273,0.9303621169916434,35.0,160.0,310.0,0.0
428,-49.0,86.0,443.0,-0.11060948081264109,-1.4635478332570462,-194.8136819491639,23.0,0.6086956521739131,0.9473684210526315,50.0,170.0,280.0,0.0
137,-49.0,266.0,384.0,-0.12760416666666666,0.028145253396287144,3.2575422687226943,26.0,0.6923076923076923,0.9450672645739912,40.0,150.0,250.0,0.0
513,-48.0,82.0,652.0,-0.0736196319018405,-1.3941838169538643,-276.5665661375115,22.0,0.6363636363636364,0.9445086705202312,50.0,240.0,290.0,0.0
320,-46.0,84.0,430.0,-0.10697674418604651,-1.4007884642629616,-172.88851075696388,23.0,0.6086956521739131,0.9441069258809234,45.0,190.0,280.0,0.0
79,-45.0,230.0,716.0,-0.06284916201117319,-1.022619634690835,-202.636241104719,26.0,0.7307692307692307,0.9543610547667343,35.0,210.0,270.0,0.0
465,-45.0,85.0,652.0,-0.06901840490797546,-1.3729696617807654,-259.84808564257753,22.0,0.6363636363636364,0.9479768786127167,50.0,200.0,290.0,0.0
449,-37.0,304.0,426.0,-0.08685446009389672,0.17273783516332697,23.095836647008397,25.0,0.72,0.8148505303760849,50.0,190.0,250.0,0.0
395,-36.0,45.0,677.0,-0.053175775480059084,-1.4307628613731196,-310.05436837049814,22.0,0.7272727272727273,0.9595959595959597,45.0,250.0,310.0,0.0
211,-35.0,230.0,755.0,-0.046357615894039736,-1.047982397449151,-218.75009553712522,26.0,0.6923076923076923,0.9650698602794411,40.0,210.0,270.0,0.0
233,-33.0,282.0,470.0,-0.07021276595744681,-0.026590723135231344,-3.531506594643724,25.0,0.76,0.8035527690700104,40.0,230.0,250.0,0.0
176,-27.0,103.0,404.0,-0.06683168316831684,-1.343909876346106,-153.71792792885842,23.0,0.6086956521739131,0.9649805447470816,40.0,180.0,280.0,0.0
417,-26.0,36.0,652.0,-0.03987730061349693,-1.4961474275251467,-279.76607347579557,22.0,0.6363636363636364,0.9699421965317919,50.0,160.0,290.0,0.0
466,-26.0,50.0,746.0,-0.03485254691689008,-1.3512643587285509,-332.43880459817603,18.0,0.6666666666666666,0.9670050761421319,50.0,200.0,300.0,0.0
515,-24.0,62.0,706.0,-0.0339943342776204,-1.3811388543492231,-306.89229092862087,22.0,0.7272727272727273,0.9743589743589742,50.0,240.0,310.0,0.0
356,-24.0,106.0,430.0,-0.05581395348837209,-1.3920480794005274,-170.38775162413114,23.0,0.6086956521739131,0.9708383961117861,45.0,220.0,280.0,0.0
305,-23.0,297.0,420.0,-0.05476190476190476,0.13269951941468133,16.793898017991964,25.0,0.72,0.81855249745158,45.0,180.0,250.0,0.0
487,-14.0,237.0,719.0,-0.019471488178025034,-0.9014982605249887,-173.4490141601512,26.0,0.6538461538461539,0.987167736021998,50.0,220.0,270.0,0.0
371,-13.0,68.0,677.0,-0.019202363367799114,-1.3599251572813718,-285.8588012931079,22.0,0.7272727272727273,0.9854096520763188,45.0,230.0,310.0,0.0
215,-13.0,63.0,650.0,-0.02,-1.3417814613953343,-274.18147406037946,22.0,0.7272727272727273,0.984468339307049,40.0,210.0,310.0,0.0
149,-12.0,303.0,384.0,-0.03125,0.1131862346181538,14.126558287974715,26.0,0.6923076923076923,0.9865470852017937,40.0,160.0,250.0,0.0
478,-11.0,65.0,746.0,-0.014745308310991957,-1.3304390539960773,-330.22621641999154,18.0,0.6666666666666666,0.9860406091370558,50.0,210.0,300.0,0.0
477,-8.0,122.0,652.0,-0.012269938650306749,-1.3077442717721715,-250.84637113849269,22.0,0.6363636363636364,0.9907514450867051,50.0,210.0,290.0,0.0
355,-4.0,237.0,784.0,-0.00510204081632653,-0.9994764140100001,-218.1670970140775,26.0,0.6923076923076923,0.9961612284069098,45.0,220.0,270.0,0.0
227,-3.0,73.0,650.0,-0.004615384615384616,-1.3268718391981686,-272.523858460458,22.0,0.7272727272727273,0.9964157706093191,40.0,220.0,310.0,0.0
332,-3.0,127.0,430.0,-0.0069767441860465115,-1.2483884351086463,-155.0750715237397,23.0,0.6086956521739131,0.9963547995139732,45.0,200.0,280.0,0.0
35,-2.0,70.0,572.0,-0.0034965034965034965,-1.3163792924093658,-232.00309333718926,22.0,0.7272727272727273,0.9972144846796657,35.0,170.0,310.0,0.0
44,0.0,130.0,397.0,0.0,-1.2234731788084494,-137.78793340287748,23.0,0.6086956521739131,1.0,35.0,180.0,280.0,0.0
461,1.0,342.0,427.0,0.00234192037470726,0.3109421339840379,43.26738517470383,25.0,0.72,0.8514946962391514,50.0,200.0,250.0,0.0
404,4.0,26.0,468.0,0.008547008547008548,-1.5648272559036673,-214.83205089804898,23.0,0.6086956521739131,1.004296455424275,50.0,150.0,280.0,0.0
188,6.0,136.0,404.0,0.01485148514851485,-1.244372078956088,-145.77192964336248,23.0,0.6086956521739131,1.0077821011673151,40.0,190.0,280.0,0.0
525,13.0,143.0,652.0,0.019938650306748466,-1.3070143946764863,-268.178545976596,22.0,0.6363636363636364,1.015028901734104,50.0,250.0,290.0,0.0
499,15.0,253.0,719.0,0.02086230876216968,-0.8107495051605146,-155.9580979332996,26.0,0.6538461538461539,1.013748854262145,50.0,230.0,270.0,0.0
263,18.0,94.0,650.0,0.027692307692307693,-1.3289946042688263,-285.315453259107,22.0,0.7272727272727273,1.021505376344086,40.0,250.0,310.0,0.0
161,18.0,333.0,382.0,0.04712041884816754,0.2625276002511797,33.25994360727528,25.0,0.72,0.8464125560538117,40.0,170.0,250.0,0.0
317,19.0,339.0,420.0,0.04523809523809524,0.2480666717060407,34.49958170231665,25.0,0.72,0.8613659531090725,45.0,190.0,250.0,0.0
47,19.0,91.0,572.0,0.033216783216783216,-1.2634373145273483,-224.79403228638415,22.0,0.7272727272727273,1.0264623955431755,35.0,180.0,310.0,0.0
383,21.0,102.0,677.0,0.0310192023633678,-1.3053667125332864,-280.9733064107993,22.0,0.7272727272727273,1.0235690235690236,45.0,240.0,310.0,0.0
367,25.0,253.0,784.0,0.03188775510204082,-0.9185309293696399,-200.67618078722592,26.0,0.6923076923076923,1.0239923224568137,45.0,230.0,270.0,0.0
91,26.0,237.0,716.0,0.036312849162011177,-0.9148920054173476,-181.66016153520414,26.0,0.7307692307692307,1.026369168356998,35.0,220.0,270.0,0.0
344,26.0,156.0,430.0,0.06046511627906977,-1.1543114315128806,-147.658023569267,23.0,0.6086956521739131,1.031591737545565,45.0,210.0,280.0,0.0
224,28.0,158.0,404.0,0.06930693069306931,-1.240418196108603,-143.27117051052974,23.0,0.6086956521739131,1.0363164721141376,40.0,220.0,280.0,0.0
113,32.0,325.0,379.0,0.08443271767810026,0.492243217550917,58.34021544912777,25.0,0.76,0.8473945409429281,35.0,240.0,250.0,0.0
511,33.0,253.0,719.0,0.0458970792767733,-0.7886686627026867,-152.66607967279825,26.0,0.6538461538461539,1.0302474793767187,50.0,240.0,270.0,0.0
56,33.0,163.0,397.0,0.08312342569269521,-1.1182387609297832,-129.84193511738155,23.0,0.6086956521739131,1.0443548387096775,35.0,190.0,280.0,0.0
223,36.0,237.0,755.0,0.04768211920529802,-0.9438924209219818,-197.77401596761032,26.0,0.6923076923076923,1.035928143712575,40.0,220.0,270.0,0.0
490,38.0,114.0,746.0,0.05093833780160858,-1.2587696984017314,-322.5863035911631,18.0,0.6666666666666666,1.0482233502538072,50.0,220.0,300.0,0.0
59,40.0,112.0,572.0,0.06993006993006994,-1.2262199564995468,-222.0520599869863,22.0,0.7272727272727273,1.0557103064066853,35.0,190.0,310.0,0.0
239,41.0,117.0,650.0,0.06307692307692307,-1.2410030744652216,-261.11988618171677,22.0,0.7272727272727273,1.048984468339307,40.0,230.0,310.0,0.0
379,43.0,253.0,784.0,0.0548469387755102,-0.8967808983923075,-197.38416252672457,26.0,0.6923076923076923,1.0412667946257197,45.0,240.0,270.0,0.0
473,43.0,384.0,427.0,0.10070257611241218,0.4208947950274471,61.8450439470776,25.0,0.72,0.8919961427193828,50.0,210.0,250.0,0.0
456,48.0,605.0,613.0,0.07830342577487764,0.7603357745150077,165.56789332892657,38.0,0.7105263157894737,1.0296846011131726,50.0,200.0,200.0,0.0
200,49.0,179.0,404.0,0.12128712871287128,-1.0636228486685815,-127.9584904101383,23.0,0.6086956521739131,1.0635538261997406,40.0,200.0,280.0,0.0
270,51.0,209.0,491.0,0.10386965376782077,-0.803109573214029,-115.05170882349904,27.0,0.6296296296296297,1.0520408163265307,45.0,150.0,260.0,0.0
416,54.0,62.0,443.0,0.12189616252821671,-1.4659135559975647,-198.6329153799279,23.0,0.6086956521739131,1.0580021482277122,50.0,160.0,280.0,0.0
103,55.0,253.0,716.0,0.07681564245810056,-0.8255759799861146,-164.16924530835252,26.0,0.7307692307692307,1.0557809330628802,35.0,230.0,270.0,0.0
92,55.0,185.0,397.0,0.1385390428211587,-1.116152508540707,-127.34117598454881,23.0,0.6086956521739131,1.0739247311827957,35.0,220.0,280.0,0.0
329,57.0,377.0,421.0,0.13539192399049882,0.37615504149389595,54.67113023001208,25.0,0.72,0.9001019367991845,45.0,200.0,250.0,0.0
296,59.0,189.0,430.0,0.1372093023255814,-1.1609510990187186,-158.9203736792638,23.0,0.6086956521739131,1.071688942891859,45.0,170.0,280.0,0.0
71,60.0,132.0,572.0,0.1048951048951049,-1.1753532866517276,-216.05851003398024,22.0,0.7272727272727273,1.083565459610028,35.0,200.0,310.0,0.0
502,62.0,138.0,746.0,0.08310991957104558,-1.2256370454579564,-319.15175943235454,18.0,0.6666666666666666,1.0786802030456852,50.0,230.0,300.0,0.0
235,65.0,253.0,755.0,0.08609271523178808,-0.8583386719524073,-180.28309974075873,26.0,0.6923076923076923,1.064870259481038,40.0,230.0,270.0,0.0
173,66.0,381.0,381.0,0.1732283464566929,0.43927183515560103,59.08556511500604,25.0,0.72,0.9002242152466368,40.0,180.0,250.0,0.0
204,72.0,511.0,533.0,0.1350844277673546,0.587787065201222,98.30815112423957,38.0,0.7368421052631579,1.0511363636363635,40.0,210.0,200.0,0.0
115,73.0,253.0,716.0,0.10195530726256984,-0.8022535762681403,-160.8772270478512,26.0,0.7307692307692307,1.0740365111561865,35.0,240.0,270.0,0.0
251,75.0,151.0,650.0,0.11538461538461539,-1.185962261867677,-256.2343912994082,22.0,0.7272727272727273,1.0896057347670252,40.0,240.0,310.0,0.0
68,76.0,206.0,397.0,0.19143576826196473,-0.9291090107115361,-112.02849588415737,23.0,0.6086956521739131,1.1021505376344085,35.0,200.0,280.0,0.0
5,78.0,363.0,331.0,0.23564954682779457,0.48106322646287,60.57386310821,26.0,0.6923076923076923,1.1019607843137256,35.0,150.0,250.0,0.0
212,78.0,208.0,404.0,0.19306930693069307,-0.9615966641894617,-120.5414424556656,23.0,0.6086956521739131,1.1011673151750974,40.0,210.0,280.0,0.0
247,83.0,253.0,755.0,0.10993377483443709,-0.8347379276944841,-176.99108148025738,26.0,0.6923076923076923,1.0828343313373252,40.0,240.0,270.0,0.0
485,90.0,431.0,428.0,0.2102803738317757,0.5575714511813965,88.36714659009925,25.0,0.72,0.9373191899710704,50.0,220.0,250.0,0.0
341,99.0,419.0,421.0,0.23515439429928742,0.4754544924648999,73.24878900238585,25.0,0.72,0.9429153924566768,45.0,210.0,250.0,0.0
523,101.0,266.0,719.0,0.1404728789986092,-0.6634091043465938,-129.61881719874822,26.0,0.6538461538461539,1.0925756186984417,50.0,250.0,270.0,0.0
138,104.0,262.0,473.0,0.21987315010570824,-0.6052919106187954,-89.74157465839022,27.0,0.6296296296296297,1.1121898597626754,40.0,150.0,260.0,0.0
80,105.0,235.0,397.0,0.26448362720403024,-0.828484764345883,-104.61144792968467,23.0,0.6086956521739131,1.1411290322580645,35.0,210.0,280.0,0.0
83,106.0,178.0,572.0,0.1853146853146853,-1.0774929944452392,-206.75822910319042,22.0,0.7272727272727273,1.1476323119777159,35.0,210.0,310.0,0.0
216,107.0,546.0,533.0,0.20075046904315197,0.7010557795080162,124.28059511882752,38.0,0.7368421052631579,1.0759943181818181,40.0,220.0,200.0,0.0
185,108.0,423.0,381.0,0.28346456692913385,0.516866661669476,76.79124879933072,25.0,0.72,0.9473094170403588,40.0,190.0,250.0,0.0
508,109.0,499.0,644.0,0.16925465838509315,0.9476974867365504,107.35796986191012,29.0,0.6896551724137931,0.9670743179680149,50.0,240.0,240.0,0.0
391,111.0,266.0,784.0,0.14158163265306123,-0.7833213607977859,-174.33690005267454,26.0,0.6923076923076923,1.1065259117082533,45.0,250.0,270.0,0.0
164,111.0,241.0,404.0,0.2747524752475248,-0.9806889105201404,-131.8037925656624,23.0,0.6086956521739131,1.1439688715953307,40.0,170.0,280.0,0.0
378,111.0,269.0,668.0,0.1661676646706587,-0.622387423971186,-109.02591896386114,26.0,0.6923076923076923,0.944177093358999,45.0,240.0,260.0,0.0
272,112.0,113.0,430.0,0.26046511627906976,-1.3117334907574651,-178.93874262814884,23.0,0.6086956521739131,1.1360874848116647,45.0,150.0,280.0,0.0
282,114.0,272.0,491.0,0.23217922606924643,-0.596723597496934,-91.93611923033227,27.0,0.6296296296296297,1.1163265306122447,45.0,160.0,260.0,0.0
17,115.0,400.0,331.0,0.3474320241691843,0.5188999452605999,71.44287912746202,26.0,0.6923076923076923,1.150326797385621,35.0,160.0,250.0,0.0
95,116.0,188.0,572.0,0.20279720279720279,-1.0605295732420998,-205.10061350326893,22.0,0.7272727272727273,1.1615598885793872,35.0,220.0,310.0,0.0
514,118.0,194.0,746.0,0.1581769436997319,-1.1556019382090625,-311.86292229991426,18.0,0.6666666666666666,1.149746192893401,50.0,240.0,300.0,0.0
101,118.0,403.0,379.0,0.3113456464379947,0.4908067045523676,66.45952324392435,25.0,0.76,0.9540942928039703,35.0,230.0,250.0,0.0
376,137.0,499.0,644.0,0.2127329192546584,1.0059515925873903,112.7495636277254,29.0,0.6896551724137931,0.9932367149758454,45.0,240.0,240.0,0.0
131,137.0,209.0,572.0,0.2395104895104895,-1.0842397969962971,-217.89220830191798,22.0,0.7272727272727273,1.190807799442897,35.0,250.0,310.0,0.0
32,138.0,268.0,397.0,0.34760705289672544,-0.8598074739187886,-115.87379803968147,23.0,0.6086956521739131,1.1854838709677418,35.0,170.0,280.0,0.0
520,138.0,516.0,644.0,0.21428571428571427,1.0834909515170474,124.5767292219663,29.0,0.6896551724137931,0.9943555973659454,50.0,250.0,240.0,0.0
72,141.0,520.0,484.0,0.29132231404958675,0.6054722197352165,105.1470445461212,38.0,0.7631578947368421,1.105697151424288,35.0,210.0,200.0,0.0
324,141.0,642.0,561.0,0.25133689839572193,0.9365313327167778,210.95404922485824,38.0,0.7105263157894737,1.0925196850393701,45.0,200.0,200.0,0.0
127,141.0,271.0,716.0,0.19692737430167598,-0.6764736457279551,-137.82996457380113,26.0,0.7307692307692307,1.143002028397566,35.0,250.0,270.0,0.0
390,145.0,303.0,667.0,0.21739130434782608,-0.5005238130021931,-89.02235568729924,26.0,0.6923076923076923,0.9769008662175168,45.0,250.0,260.0,0.0
526,145.0,221.0,746.0,0.19436997319034852,-1.1113169295702932,-306.51860133648694,18.0,0.6666666666666666,1.1840101522842639,50.0,250.0,300.0,0.0
29,145.0,430.0,329.0,0.44072948328267475,0.6444103057054411,90.57626444676258,25.0,0.72,0.9869281045751633,35.0,170.0,250.0,0.0
353,146.0,466.0,422.0,0.3459715639810427,0.6002178062449461,99.7708916454075,25.0,0.72,0.9908256880733944,45.0,220.0,250.0,0.0
197,146.0,461.0,382.0,0.38219895287958117,0.621840825016411,96.96279732702617,25.0,0.72,0.9899103139013452,40.0,200.0,250.0,0.0
259,151.0,281.0,755.0,0.2,-0.7145597232384493,-153.94381900620732,26.0,0.6923076923076923,1.150698602794411,40.0,250.0,270.0,0.0
107,160.0,232.0,572.0,0.27972027972027974,-0.9625564030535054,-193.69664122452772,22.0,0.7272727272727273,1.222841225626741,35.0,230.0,310.0,0.0
294,162.0,320.0,493.0,0.3286004056795132,-0.46457854722280223,-75.4618316274362,27.0,0.6296296296296297,1.1653061224489796,45.0,170.0,260.0,0.0
284,162.0,165.0,430.0,0.3767441860465116,-1.1753747457876569,-162.73960711002778,23.0,0.6086956521739131,1.1968408262454435,45.0,160.0,280.0,0.0
420,162.0,763.0,614.0,0.26384364820846906,1.441091003676617,332.78969954865164,38.0,0.6842105263157895,1.1014402003757044,50.0,170.0,200.0,0.0
140,164.0,165.0,404.0,0.40594059405940597,-1.1552000782716727,-151.82216151454747,23.0,0.6086956521739131,1.212710765239948,40.0,150.0,280.0,0.0
246,164.0,322.0,642.0,0.2554517133956386,-0.4690676328312796,-83.71578479875234,26.0,0.6923076923076923,0.9949290060851927,40.0,240.0,260.0,0.0
388,166.0,516.0,644.0,0.2577639751552795,1.1398815432855915,129.9683229877816,29.0,0.6896551724137931,1.021256038647343,45.0,250.0,240.0,0.0
150,167.0,325.0,473.0,0.35306553911205074,-0.41485883095573844,-66.62598506522346,27.0,0.6296296296296297,1.180151024811219,40.0,160.0,260.0,0.0
84,176.0,555.0,484.0,0.36363636363636365,0.71213239780931,131.11948854070914,38.0,0.7631578947368421,1.1319340329835081,35.0,220.0,200.0,0.0
402,182.0,340.0,399.0,0.45614035087719296,-0.2467570984109378,-34.463618429886075,27.0,0.5555555555555556,1.2008830022075054,50.0,150.0,260.0,0.0
209,188.0,503.0,382.0,0.49214659685863876,0.6969050171649446,115.54045609939992,25.0,0.72,1.0369955156950672,40.0,210.0,250.0,0.0
8,191.0,192.0,397.0,0.4811083123425693,-1.041841633284908,-135.89216698856654,23.0,0.6086956521739131,1.2567204301075268,35.0,150.0,280.0,0.0
6,192.0,330.0,410.0,0.4682926829268293,-0.08045105412257898,-12.53321077039072,27.0,0.6666666666666666,1.233009708737864,35.0,150.0,260.0,0.0
41,193.0,478.0,328.0,0.5884146341463414,0.773520846295378,116.40188595449334,25.0,0.72,1.0496732026143791,35.0,180.0,250.0,0.0
119,194.0,266.0,572.0,0.33916083916083917,-0.9064940315820633,-188.81114634221916,22.0,0.7272727272727273,1.2701949860724235,35.0,240.0,310.0,0.0
432,197.0,785.0,613.0,0.32137030995106036,1.476374439704748,347.0252166368866,38.0,0.6842105263157895,1.1233562930494678,50.0,180.0,200.0,0.0
258,198.0,356.0,641.0,0.3088923556942278,-0.35041202441919794,-63.71222152219043,26.0,0.6923076923076923,1.0294117647058825,40.0,250.0,260.0,0.0
366,207.0,365.0,668.0,0.30988023952095806,-0.475469100456946,-91.46142882225963,26.0,0.6923076923076923,1.0365736284889318,45.0,230.0,260.0,0.0
306,212.0,370.0,491.0,0.4317718940936864,-0.29922284150526496,-50.561649848689854,26.0,0.6538461538461539,1.0438775510204081,45.0,180.0,260.0,0.0
152,214.0,217.0,404.0,0.5297029702970297,-1.0011852104825603,-135.6230259964264,23.0,0.6086956521739131,1.277561608300908,40.0,160.0,280.0,0.0
162,215.0,373.0,475.0,0.45263157894736844,-0.29550084465203735,-50.15169746232739,27.0,0.6296296296296297,1.2319309600863,40.0,170.0,260.0,0.0
505,221.0,1063.0,932.0,0.2371244635193133,1.5050946977370352,430.0542444304438,35.0,0.7142857142857143,1.0830903790087463,50.0,240.0,210.0,0.0
517,221.0,1063.0,932.0,0.2371244635193133,1.5050946977370352,430.0542444304438,35.0,0.7142857142857143,1.0830903790087463,50.0,250.0,210.0,0.0
244,221.0,511.0,574.0,0.38501742160278746,1.6016229936350033,157.70709350244266,29.0,0.6896551724137931,1.0809674027339642,40.0,240.0,240.0,0.0
408,232.0,832.0,613.0,0.37846655791190864,1.3996385727314877,309.3232924675432,38.0,0.6578947368421053,1.1487179487179486,50.0,160.0,200.0,0.0
53,235.0,520.0,328.0,0.7164634146341463,0.8037512175720027,134.10756963881803,25.0,0.72,1.1045751633986929,35.0,190.0,250.0,0.0
221,235.0,550.0,383.0,0.6135770234986945,0.7947517078624373,142.06255874242157,25.0,0.72,1.0896860986547086,40.0,220.0,250.0,0.0
444,235.0,823.0,613.0,0.3833605220228385,1.5489221056621274,373.63077224982186,38.0,0.6842105263157895,1.147150907952411,50.0,190.0,200.0,0.0
20,241.0,244.0,397.0,0.6070528967254408,-0.8832396038646313,-119.69303147044546,23.0,0.6086956521739131,1.3239247311827957,35.0,160.0,280.0,0.0
510,242.0,400.0,576.0,0.4201388888888889,-0.17194290784918984,-28.43782857024819,26.0,0.6153846153846154,1.0756476683937823,50.0,240.0,260.0,0.0
414,245.0,403.0,399.0,0.6140350877192983,-0.07278594141763699,-11.348028836719307,27.0,0.5555555555555556,1.2704194260485653,50.0,160.0,260.0,0.0
256,250.0,528.0,574.0,0.4355400696864111,1.7240702198286166,174.92585286249883,29.0,0.6896551724137931,1.1114616193480547,40.0,250.0,240.0,0.0
114,252.0,390.0,549.0,0.45901639344262296,-0.036342269479711246,-6.507420910752833,26.0,0.7307692307692307,1.0939977349943375,35.0,240.0,260.0,0.0
18,255.0,393.0,410.0,0.6219512195121951,0.061494536895867515,10.58237882277605,27.0,0.6666666666666666,1.3094660194174756,35.0,160.0,260.0,0.0
288,255.0,799.0,561.0,0.45454545454545453,1.59675107756003,378.1758554445833,38.0,0.6842105263157895,1.1695478723404256,45.0,170.0,200.0,0.0
493,256.0,1129.0,932.0,0.27467811158798283,1.7634025290303168,498.22219353239484,35.0,0.7142857142857143,1.1086005830903791,50.0,230.0,210.0,0.0
234,260.0,418.0,642.0,0.40498442367601245,-0.33445050053363845,-66.15129465715083,26.0,0.6923076923076923,1.092292089249493,40.0,230.0,260.0,0.0
174,265.0,423.0,473.0,0.5602536997885835,-0.14271072398085616,-25.25151568358104,26.0,0.6538461538461539,1.103559870550162,40.0,180.0,260.0,0.0
318,272.0,430.0,490.0,0.5551020408163265,-0.11464678026028385,-20.654697844475887,26.0,0.6538461538461539,1.1051020408163266,45.0,190.0,260.0,0.0
65,273.0,558.0,329.0,0.8297872340425532,0.8790923877553958,154.27911816651346,25.0,0.72,1.1542483660130718,35.0,200.0,250.0,0.0
522,276.0,434.0,575.0,0.48,-0.049540638332134186,-8.434265293686288,26.0,0.6153846153846154,1.110880829015544,50.0,250.0,260.0,0.0
126,286.0,424.0,548.0,0.5218978102189781,0.07322982788728531,13.496142365809071,26.0,0.7307692307692307,1.1325028312570782,35.0,250.0,260.0,0.0
300,290.0,822.0,561.0,0.5169340463458111,1.6214160166155638,392.4113725328183,38.0,0.6842105263157895,1.1928191489361701,45.0,180.0,200.0,0.0
426,293.0,451.0,401.0,0.7306733167082294,0.03077217439590183,5.126258766176759,27.0,0.5555555555555556,1.3233995584988962,50.0,170.0,260.0,0.0
242,298.0,652.0,456.0,0.6535087719298246,1.7174895584691356,281.18466035260946,31.0,0.6774193548387096,1.1578947368421053,40.0,240.0,220.0,0.0
254,298.0,652.0,456.0,0.6535087719298246,1.7174895584691356,281.18466035260946,31.0,0.6774193548387096,1.1578947368421053,40.0,250.0,220.0,0.0
192,302.0,741.0,533.0,0.5666041275797373,1.0869968021472198,269.92523832639614,38.0,0.7105263157894737,1.2215700660308144,40.0,200.0,200.0,0.0
30,303.0,441.0,412.0,0.7354368932038835,0.14811308109221044,27.056666425672116,27.0,0.6666666666666666,1.3677184466019419,35.0,170.0,260.0,0.0
77,315.0,600.0,329.0,0.9574468085106383,0.9259964512235943,172.85677693888724,25.0,0.72,1.2091503267973855,35.0,210.0,250.0,0.0
400,319.0,481.0,432.0,0.7384259259259259,2.006111962210672,223.2416882701067,30.0,0.6333333333333333,1.3180458624127618,50.0,150.0,240.0,0.0
472,323.0,666.0,644.0,0.5015527950310559,2.1896886299583858,276.6012073826959,29.0,0.6896551724137931,1.1683913452492944,50.0,210.0,240.0,0.0
186,325.0,483.0,472.0,0.6885593220338984,0.024655422781709128,4.65543632063292,26.0,0.6538461538461539,1.168284789644013,40.0,190.0,260.0,0.0
276,325.0,869.0,561.0,0.5793226381461676,1.5148170425536822,354.70944836347485,38.0,0.6578947368421053,1.2215405589638717,45.0,160.0,200.0,0.0
373,328.0,1085.0,862.0,0.3805104408352668,1.64073833273996,467.55620681463733,35.0,0.7142857142857143,1.174703557312253,45.0,240.0,210.0,0.0
385,328.0,1085.0,862.0,0.3805104408352668,1.64073833273996,467.55620681463733,35.0,0.7142857142857143,1.174703557312253,45.0,250.0,210.0,0.0
312,328.0,860.0,561.0,0.5846702317290553,1.6818897276930962,419.0169281457535,38.0,0.6842105263157895,1.2180851063829787,45.0,190.0,200.0,0.0
498,338.0,496.0,576.0,0.5868055555555556,-0.05775702565047773,-10.873338428646678,26.0,0.6153846153846154,1.1751295336787564,50.0,230.0,260.0,0.0
110,339.0,635.0,424.0,0.7995283018867925,1.8488453091030241,286.58694394811045,31.0,0.7096774193548387,1.2035984848484849,35.0,240.0,220.0,0.0
122,339.0,635.0,424.0,0.7995283018867925,1.8488453091030241,286.58694394811045,31.0,0.7096774193548387,1.2035984848484849,35.0,250.0,220.0,0.0
438,343.0,501.0,399.0,0.8596491228070176,0.1713434088015141,30.026440544923105,26.0,0.5769230769230769,1.1920529801324502,50.0,180.0,260.0,0.0
330,344.0,502.0,490.0,0.7020408163265306,-0.008074479037859014,-1.571146755352661,26.0,0.6538461538461539,1.1785714285714286,45.0,200.0,260.0,0.0
268,347.0,505.0,432.0,0.8032407407407407,1.9527181547653643,228.63328203592195,30.0,0.6333333333333333,1.3558974358974358,45.0,150.0,240.0,0.0
102,348.0,486.0,549.0,0.6338797814207651,0.05469771606678365,11.057069230848679,26.0,0.7307692307692307,1.202718006795017,35.0,230.0,260.0,0.0
340,351.0,666.0,644.0,0.5450310559006211,2.2131497759456633,281.99280114851115,29.0,0.6896551724137931,1.2,45.0,210.0,240.0,0.0
42,353.0,491.0,410.0,0.8609756097560975,0.27149364021427136,51.95684820441846,26.0,0.6923076923076923,1.2233009708737865,35.0,180.0,260.0,0.0
112,354.0,524.0,488.0,0.7254098360655737,2.263765445305943,225.78377108271965,29.0,0.6896551724137931,1.2567237163814182,35.0,240.0,240.0,0.0
89,362.0,647.0,330.0,1.096969696969697,0.9931686525631708,199.37887958190888,25.0,0.72,1.2705882352941176,35.0,220.0,250.0,0.0
361,363.0,1151.0,862.0,0.4211136890951276,1.9079788730906038,535.7241559165883,35.0,0.7142857142857143,1.2023715415019762,45.0,230.0,210.0,0.0
206,367.0,668.0,456.0,0.8048245614035088,2.1588102896012202,323.3065553960401,31.0,0.6774193548387096,1.2205081669691469,40.0,210.0,220.0,0.0
60,371.0,750.0,484.0,0.7665289256198347,1.075684133037857,276.76413174827775,38.0,0.7368421052631579,1.2878200155159036,35.0,200.0,200.0,0.0
484,371.0,680.0,644.0,0.5760869565217391,2.2315306028119957,292.9258786833435,29.0,0.6896551724137931,1.213546566321731,50.0,220.0,240.0,0.0
412,373.0,535.0,425.0,0.8776470588235294,2.1590304256726136,256.31583540760784,29.0,0.6551724137931034,1.2283150548354935,50.0,160.0,240.0,0.0
230,375.0,760.0,456.0,0.8223684210526315,2.202913052720064,380.9236425981967,31.0,0.6774193548387096,1.2277676950998186,40.0,230.0,220.0,0.0
218,375.0,760.0,456.0,0.8223684210526315,2.202913052720064,380.9236425981967,31.0,0.6774193548387096,1.2277676950998186,40.0,220.0,220.0,0.0
342,375.0,533.0,491.0,0.7637474541751528,0.06420690747786392,12.851886470910236,26.0,0.6538461538461539,1.210204081632653,45.0,210.0,260.0,0.0
436,377.0,539.0,397.0,0.9496221662468514,2.7155047280929017,291.25905537021924,29.0,0.6551724137931034,1.2323030907278165,50.0,180.0,240.0,0.0
253,379.0,1049.0,800.0,0.47375,1.6952886590202025,460.09115274578863,35.0,0.7142857142857143,1.2240527182866556,40.0,250.0,210.0,0.0
241,379.0,1049.0,800.0,0.47375,1.6952886590202025,460.09115274578863,35.0,0.7142857142857143,1.2240527182866556,40.0,240.0,210.0,0.0
124,383.0,541.0,488.0,0.7848360655737705,2.3398578883495285,243.00253044277585,29.0,0.6896551724137931,1.2921760391198045,35.0,250.0,240.0,0.0
198,397.0,555.0,472.0,0.8411016949152542,0.11639671663970234,23.73898740975615,26.0,0.6538461538461539,1.2459546925566343,40.0,200.0,260.0,0.0
352,399.0,680.0,644.0,0.6195652173913043,2.246356694055378,298.31747244915874,29.0,0.6896551724137931,1.2463768115942029,45.0,220.0,240.0,0.0
280,401.0,559.0,425.0,0.9435294117647058,2.0981937602594503,261.7074291734231,29.0,0.6551724137931034,1.2635897435897436,45.0,160.0,240.0,0.0
450,403.0,561.0,398.0,1.0125628140703518,0.3169168150603316,59.93339254913707,26.0,0.5769230769230769,1.2582781456953642,50.0,190.0,260.0,0.0
304,405.0,563.0,397.0,1.0201511335012594,2.6562445100798064,296.65064913603453,29.0,0.6551724137931034,1.2676923076923077,45.0,180.0,240.0,0.0
496,408.0,702.0,644.0,0.6335403726708074,2.3379237440602663,316.5111081273691,29.0,0.6896551724137931,1.2483537158984008,50.0,230.0,240.0,0.0
74,408.0,651.0,424.0,0.9622641509433962,2.2880332736588147,328.7088389915411,31.0,0.7096774193548387,1.2689393939393938,35.0,210.0,220.0,0.0
54,413.0,551.0,410.0,1.0073170731707317,0.3988449690548762,81.86380020863243,26.0,0.6923076923076923,1.296116504854369,35.0,190.0,260.0,0.0
229,414.0,1115.0,800.0,0.5175,1.9817660885093051,528.2591018477397,35.0,0.7142857142857143,1.2528830313014827,40.0,230.0,210.0,0.0
136,415.0,573.0,382.0,1.0863874345549738,2.0574075268707093,265.14091467760096,30.0,0.6333333333333333,1.4575523704520397,40.0,150.0,240.0,0.0
98,416.0,743.0,424.0,0.9811320754716981,2.3497886244204196,386.3259261936976,31.0,0.7096774193548387,1.2765151515151516,35.0,230.0,220.0,0.0
86,416.0,743.0,424.0,0.9811320754716981,2.3497886244204196,386.3259261936976,31.0,0.7096774193548387,1.2765151515151516,35.0,220.0,220.0,0.0
156,416.0,898.0,533.0,0.7804878048780488,1.698699804839224,437.1470445461212,38.0,0.6842105263157895,1.3097542814594192,40.0,170.0,200.0,0.0
170,419.0,769.0,456.0,0.918859649122807,2.954341046542398,427.37798101651504,31.0,0.6451612903225806,1.2701465201465203,40.0,180.0,220.0,0.0
354,428.0,586.0,491.0,0.8716904276985743,0.1803206104844088,38.80369444645273,26.0,0.6538461538461539,1.2642857142857142,45.0,220.0,260.0,0.0
210,428.0,586.0,473.0,0.904862579281184,0.18187075738445688,38.162020636019044,26.0,0.6538461538461539,1.279395900755124,40.0,210.0,260.0,0.0
396,434.0,1034.0,613.0,0.7079934747145188,1.3541733512759493,411.416949835263,38.0,0.631578947368421,1.2891405729513659,50.0,150.0,200.0,0.0
208,435.0,678.0,574.0,0.7578397212543554,2.656703023942302,326.95033102322844,29.0,0.6896551724137931,1.3059936908517351,40.0,210.0,240.0,0.0
364,436.0,702.0,644.0,0.6770186335403726,2.344590219877578,321.9027018931843,29.0,0.6896551724137931,1.2821256038647344,45.0,230.0,240.0,0.0
424,440.0,602.0,411.0,1.0705596107055961,2.240674573500584,293.2097117360903,29.0,0.6551724137931034,1.2951146560319045,50.0,170.0,240.0,0.0
448,442.0,604.0,397.0,1.1133501259445844,2.784626037367363,324.56079776081634,29.0,0.6551724137931034,1.297108673978066,50.0,190.0,240.0,0.0
121,442.0,1043.0,737.0,0.5997286295793759,1.8094709522546264,482.7254572871588,35.0,0.7428571428571429,1.2923211169284468,35.0,250.0,210.0,0.0
109,442.0,1043.0,737.0,0.5997286295793759,1.8094709522546264,482.7254572871588,35.0,0.7428571428571429,1.2923211169284468,35.0,240.0,210.0,0.0
168,451.0,921.0,533.0,0.8461538461538461,1.7114942965783035,451.3825616343562,38.0,0.6842105263157895,1.3358153387937453,40.0,180.0,200.0,0.0
38,460.0,752.0,424.0,1.0849056603773586,3.112387896474478,432.78026461201597,31.0,0.6774193548387096,1.321223709369025,35.0,180.0,220.0,0.0
292,468.0,626.0,411.0,1.1386861313868613,2.175406364800142,298.6013055019056,29.0,0.6551724137931034,1.3323076923076924,45.0,170.0,240.0,0.0
146,469.0,785.0,391.0,1.1994884910485935,2.6224739501586614,428.2727145970399,31.0,0.6129032258064516,1.3304597701149425,40.0,160.0,220.0,0.0
148,469.0,627.0,382.0,1.2277486910994764,2.1727437878537224,298.2150618151021,29.0,0.6551724137931034,1.35832414553473,40.0,160.0,240.0,0.0
316,470.0,628.0,397.0,1.1838790931989924,2.722632122109475,329.95239152663163,29.0,0.6551724137931034,1.3343589743589743,45.0,190.0,240.0,0.0
182,470.0,786.0,456.0,1.030701754385965,2.994758637080625,446.56874025263113,31.0,0.6451612903225806,1.3168498168498168,40.0,190.0,220.0,0.0
469,470.0,1078.0,655.0,0.7175572519083969,1.9160212984586338,574.7689705745654,35.0,0.6857142857142857,1.2788018433179724,50.0,210.0,210.0,0.0
433,472.0,1114.0,655.0,0.7206106870229008,2.3123522091579662,640.5306080292498,35.0,0.6571428571428571,1.2825077399380804,50.0,180.0,210.0,0.0
172,473.0,631.0,382.0,1.2382198952879582,2.7148006496309236,333.1582817777135,29.0,0.6551724137931034,1.362734288864388,40.0,180.0,240.0,0.0
462,475.0,633.0,398.0,1.193467336683417,0.3832721524952937,79.0169436382603,26.0,0.5769230769230769,1.3377483443708609,50.0,200.0,260.0,0.0
132,476.0,958.0,533.0,0.8930581613508443,1.5189656077329337,403.67787463463503,38.0,0.6578947368421053,1.3644716692189893,40.0,150.0,200.0,0.0
97,477.0,1109.0,737.0,0.6472184531886025,2.1055643883536,550.8934063891098,35.0,0.7428571428571429,1.3228621291448517,35.0,230.0,210.0,0.0
222,481.0,639.0,473.0,1.0169133192389006,0.28457149297277406,64.11382861156154,26.0,0.6538461538461539,1.3365695792880259,40.0,220.0,260.0,0.0
220,483.0,692.0,574.0,0.8414634146341463,2.6446079650544987,343.27500232387604,29.0,0.6896551724137931,1.3564668769716088,40.0,220.0,240.0,0.0
24,485.0,907.0,484.0,1.0020661157024793,1.6803956559937314,443.9859379680028,38.0,0.7105263157894737,1.3821907013396375,35.0,170.0,200.0,0.0
66,485.0,623.0,410.0,1.1829268292682926,0.4545024026465399,100.94735129775565,26.0,0.6923076923076923,1.383495145631068,35.0,200.0,260.0,0.0
144,486.0,968.0,533.0,0.9118198874296435,1.562016221428433,413.68063746501275,38.0,0.6578947368421053,1.3721286370597243,40.0,160.0,200.0,0.0
460,487.0,649.0,397.0,1.2267002518891688,2.7971719061829163,348.6945755569556,29.0,0.6551724137931034,1.3419740777667,50.0,200.0,240.0,0.0
180,489.0,959.0,533.0,0.9174484052532833,1.7585807523662917,477.98811724729137,38.0,0.6842105263157895,1.3641102010424424,40.0,190.0,200.0,0.0
474,506.0,664.0,399.0,1.268170426065163,0.4395515289545196,93.43997686452319,26.0,0.5769230769230769,1.3719646799116998,50.0,210.0,260.0,0.0
14,510.0,768.0,359.0,1.4206128133704736,2.7516842110835458,433.6749981925409,31.0,0.6451612903225806,1.3867735470941884,35.0,160.0,220.0,0.0
50,511.0,769.0,424.0,1.205188679245283,3.1322026669800427,451.9710238481321,31.0,0.6774193548387096,1.369980879541109,35.0,190.0,220.0,0.0
481,513.0,1109.0,655.0,0.783206106870229,1.9657212471069672,601.5802718418524,35.0,0.6857142857142857,1.3118279569892475,50.0,220.0,210.0,0.0
328,515.0,673.0,397.0,1.2972292191435768,2.728380760656102,354.0861693227709,29.0,0.6551724137931034,1.3805128205128205,45.0,200.0,240.0,0.0
78,516.0,654.0,410.0,1.2585365853658537,0.5049579749929161,115.37038452401855,26.0,0.6923076923076923,1.4211165048543688,35.0,210.0,260.0,0.0
232,520.0,714.0,574.0,0.9059233449477352,2.7059255191941665,366.8602317679016,29.0,0.6896551724137931,1.3953732912723449,40.0,230.0,240.0,0.0
36,520.0,930.0,484.0,1.0743801652892562,1.689241945208313,458.2214550562378,38.0,0.7105263157894737,1.409771473601261,35.0,180.0,200.0,0.0
194,522.0,823.0,456.0,1.144736842105263,3.0522005083372505,482.09956517697606,31.0,0.6451612903225806,1.3644688644688645,40.0,200.0,220.0,0.0
445,527.0,1135.0,655.0,0.8045801526717558,2.3502269214558305,661.4900951239918,35.0,0.6571428571428571,1.3250773993808052,50.0,190.0,210.0,0.0
264,527.0,1071.0,561.0,0.9393939393939394,1.4275386975906417,456.8031057311947,38.0,0.631578947368421,1.3742897727272727,45.0,150.0,200.0,0.0
160,536.0,694.0,382.0,1.4031413612565444,2.218095956390913,335.10893814358457,29.0,0.6551724137931034,1.432194046306505,40.0,170.0,240.0,0.0
518,538.0,758.0,487.0,1.104722792607803,1.6370206234438993,320.530669999277,31.0,0.6451612903225806,1.3706356311548793,50.0,250.0,220.0,0.0
506,538.0,758.0,487.0,1.104722792607803,1.6370206234438993,320.530669999277,31.0,0.6451612903225806,1.3706356311548793,50.0,240.0,220.0,0.0
184,538.0,696.0,382.0,1.4083769633507854,2.7637419686609777,366.4600241683106,29.0,0.6551724137931034,1.434399117971334,40.0,190.0,240.0,0.0
4,542.0,690.0,321.0,1.6884735202492211,2.1573014611640255,330.05181210687766,30.0,0.6333333333333333,1.6948717948717948,35.0,150.0,240.0,0.0
0,545.0,967.0,484.0,1.1260330578512396,1.4778155466905,410.51676805651664,38.0,0.6842105263157895,1.4423701298701297,35.0,150.0,200.0,0.0
12,555.0,977.0,484.0,1.146694214876033,1.5189297939311597,420.51953088689436,38.0,0.6842105263157895,1.4504870129870129,35.0,160.0,200.0,0.0
337,557.0,1100.0,605.0,0.9206611570247933,1.9765836084544472,603.3353921153468,35.0,0.6857142857142857,1.3703703703703705,45.0,210.0,210.0,0.0
48,558.0,968.0,484.0,1.1528925619834711,1.7331499694972676,484.82701066917303,38.0,0.7105263157894737,1.4397163120567376,35.0,190.0,200.0,0.0
301,559.0,1136.0,605.0,0.9239669421487603,2.387653094056872,669.0970295700313,35.0,0.6571428571428571,1.375103734439834,45.0,180.0,210.0,0.0
486,559.0,717.0,399.0,1.4010025062656641,0.5196265171194324,119.39178484006568,26.0,0.5769230769230769,1.4304635761589404,50.0,220.0,260.0,0.0
62,563.0,806.0,424.0,1.3278301886792452,3.1719839878583476,487.50184877247705,31.0,0.6774193548387096,1.4196940726577438,35.0,200.0,220.0,0.0
76,568.0,716.0,488.0,1.1639344262295082,2.943655706535629,395.02700860350546,29.0,0.6896551724137931,1.5183374083129584,35.0,210.0,240.0,0.0
90,569.0,707.0,410.0,1.3878048780487804,0.5755054234056699,141.32219249956106,26.0,0.6923076923076923,1.4854368932038833,35.0,220.0,260.0,0.0
158,574.0,883.0,391.0,1.4680306905370843,2.61403301813459,505.3879478625505,31.0,0.6129032258064516,1.4310344827586206,40.0,170.0,220.0,0.0
470,579.0,799.0,487.0,1.188911704312115,1.888361073960944,357.11161318309047,31.0,0.6451612903225806,1.4073410922112803,50.0,210.0,220.0,0.0
196,583.0,741.0,382.0,1.5261780104712042,2.7350153417217444,390.5938019644499,29.0,0.6551724137931034,1.484013230429989,40.0,200.0,240.0,0.0
482,587.0,807.0,487.0,1.2053388090349075,2.1172689163412524,414.728700385247,31.0,0.6451612903225806,1.414503133393017,50.0,220.0,220.0,0.0
16,596.0,744.0,321.0,1.8566978193146417,2.239532435757613,363.1259592443788,29.0,0.6551724137931034,1.5794871794871796,35.0,160.0,240.0,0.0
349,600.0,1131.0,605.0,0.9917355371900827,2.0215630338204424,630.1466933826339,35.0,0.6857142857142857,1.4057613168724281,45.0,220.0,210.0,0.0
40,600.0,748.0,321.0,1.8691588785046729,2.6893434370210163,398.0691792069902,29.0,0.6551724137931034,1.5846153846153845,35.0,180.0,240.0,0.0
205,602.0,1100.0,585.0,1.029059829059829,1.9901303400627066,593.2026678096694,35.0,0.6857142857142857,1.423076923076923,40.0,210.0,210.0,0.0
434,604.0,824.0,487.0,1.2402464065708418,2.661930240063884,455.8399830615259,31.0,0.6129032258064516,1.4336043360433603,50.0,180.0,220.0,0.0
169,604.0,1136.0,585.0,1.0324786324786326,2.4280582646118622,658.9643052643538,35.0,0.6571428571428571,1.4284482758620691,40.0,180.0,210.0,0.0
457,604.0,1212.0,655.0,0.9221374045801527,2.401580406044267,715.8233957509218,35.0,0.6571428571428571,1.3846749226006192,50.0,200.0,210.0,0.0
374,606.0,826.0,457.0,1.3260393873085339,1.679901794749471,359.803968147406,31.0,0.6451612903225806,1.459485224022879,45.0,240.0,220.0,0.0
386,606.0,826.0,457.0,1.3260393873085339,1.679901794749471,359.803968147406,31.0,0.6451612903225806,1.459485224022879,45.0,250.0,220.0,0.0
313,614.0,1157.0,605.0,1.0148760330578512,2.4177587312542896,690.0565166647731,35.0,0.6571428571428571,1.420746887966805,45.0,190.0,210.0,0.0
494,615.0,835.0,487.0,1.2628336755646816,2.082933773002125,420.26965224486423,31.0,0.6451612903225806,1.4395702775290957,50.0,230.0,220.0,0.0
26,615.0,866.0,359.0,1.713091922005571,2.7174580895412284,510.79023145805144,31.0,0.6451612903225806,1.4919839679358717,35.0,170.0,220.0,0.0
88,616.0,764.0,488.0,1.2622950819672132,2.89726276432909,411.351679904153,29.0,0.6896551724137931,1.5770171149144256,35.0,220.0,240.0,0.0
410,628.0,848.0,413.0,1.5205811138014529,2.409246824488635,454.5530101940695,31.0,0.5806451612903226,1.48,50.0,160.0,220.0,0.0
421,642.0,1284.0,655.0,0.9801526717557252,2.157344333855874,712.2711395255161,35.0,0.6285714285714286,1.4331983805668018,50.0,170.0,210.0,0.0
217,645.0,1131.0,585.0,1.1025641025641026,2.0340505312270896,620.0139690769564,35.0,0.6857142857142857,1.45982905982906,40.0,220.0,210.0,0.0
338,647.0,867.0,457.0,1.4157549234135667,1.9113379399053578,396.3849113312195,31.0,0.6451612903225806,1.4985700667302193,45.0,210.0,220.0,0.0
100,653.0,801.0,488.0,1.3381147540983607,2.9220112272858514,434.9369093481786,29.0,0.6896551724137931,1.622249388753056,35.0,230.0,240.0,0.0
350,655.0,875.0,457.0,1.4332603938730852,2.1200823609247506,454.001998533376,31.0,0.6451612903225806,1.5061963775023832,45.0,220.0,220.0,0.0
446,655.0,875.0,487.0,1.3449691991786448,2.668778867987339,475.03074229764206,31.0,0.6129032258064516,1.4796747967479673,50.0,190.0,220.0,0.0
181,659.0,1157.0,585.0,1.1264957264957265,2.4541430061580582,679.9237923590956,35.0,0.6571428571428571,1.4758620689655173,40.0,190.0,210.0,0.0
28,663.0,811.0,321.0,2.0654205607476634,2.2566127085994045,400.01983557286127,29.0,0.6551724137931034,1.6653846153846155,35.0,170.0,240.0,0.0
52,665.0,813.0,321.0,2.0716510903426792,2.7299871915601677,431.3709215975873,29.0,0.6551724137931034,1.6679487179487178,35.0,190.0,240.0,0.0
73,665.0,1126.0,554.0,1.2003610108303249,2.0528893826142336,615.8369723510395,35.0,0.7142857142857143,1.5063520871143377,35.0,210.0,210.0,0.0
37,667.0,1162.0,554.0,1.203971119133574,2.5022591515909056,681.598609805724,35.0,0.6857142857142857,1.5128205128205128,35.0,180.0,210.0,0.0
302,672.0,892.0,457.0,1.4704595185995624,2.628432127181707,495.11328120965493,31.0,0.6129032258064516,1.5274302213666988,45.0,180.0,220.0,0.0
134,673.0,898.0,306.0,2.1993464052287583,2.1860320405688842,494.4521281540162,31.0,0.5806451612903226,1.5539858728557014,40.0,150.0,220.0,0.0
147,681.0,891.0,335.0,2.032835820895522,1.509547356431878,379.63532704681836,33.0,0.6060606060606061,1.5418287937743191,40.0,160.0,230.0,0.0
362,683.0,903.0,457.0,1.4945295404814005,2.086299060629675,459.54295039299325,31.0,0.6451612903225806,1.532888465204957,45.0,230.0,220.0,0.0
278,689.0,909.0,390.0,1.7666666666666666,2.3663211047107517,490.13704155090323,31.0,0.5806451612903226,1.571284125379171,45.0,160.0,220.0,0.0
325,691.0,1234.0,605.0,1.1421487603305784,2.4553631341862925,744.3898172917033,35.0,0.6571428571428571,1.4846473029045644,45.0,200.0,210.0,0.0
2,698.0,897.0,306.0,2.281045751633987,2.245077116864894,495.31211720597804,31.0,0.6129032258064516,1.5972944849115505,35.0,150.0,220.0,0.0
458,707.0,927.0,487.0,1.4517453798767967,2.7082669950764156,510.561567221987,31.0,0.6129032258064516,1.5266485998193315,50.0,200.0,220.0,0.0
85,708.0,1157.0,554.0,1.2779783393501805,2.0929891673141863,642.6482736183266,35.0,0.7142857142857143,1.545372050816697,35.0,220.0,210.0,0.0
64,710.0,858.0,321.0,2.2118380062305296,2.678249089869066,455.5046993937266,29.0,0.6551724137931034,1.7256410256410255,35.0,200.0,240.0,0.0
49,722.0,1183.0,554.0,1.3032490974729243,2.5219794795156263,702.5580969004658,35.0,0.6857142857142857,1.563186813186813,35.0,190.0,210.0,0.0
289,722.0,1299.0,605.0,1.193388429752066,2.197281623314244,737.1482942750023,35.0,0.6285714285714286,1.5324675324675323,45.0,170.0,210.0,0.0
314,723.0,943.0,457.0,1.5820568927789935,2.635470440229094,514.3040404457711,31.0,0.6129032258064516,1.5765158806544755,45.0,190.0,220.0,0.0
193,736.0,1234.0,585.0,1.258119658119658,2.4822227819480895,734.2570929860258,35.0,0.6571428571428571,1.5422413793103449,40.0,200.0,210.0,0.0
422,741.0,961.0,413.0,1.7941888619854722,2.4157856781998253,533.2517893845344,31.0,0.5806451612903226,1.5876190476190475,50.0,170.0,220.0,0.0
409,750.0,1380.0,643.0,1.166407465007776,2.105976481947456,719.2500077462533,35.0,0.6,1.5367278797996662,50.0,160.0,210.0,0.0
397,761.0,1424.0,663.0,1.147812971342383,1.9512959866869313,722.9235754640006,35.0,0.6,1.5459098497495827,50.0,150.0,210.0,0.0
157,765.0,1297.0,585.0,1.3076923076923077,2.195388945432705,725.9586763202198,35.0,0.6285714285714286,1.5917266187050358,40.0,170.0,210.0,0.0
326,775.0,995.0,457.0,1.6958424507658643,2.6705321553345316,549.834865370116,31.0,0.6129032258064516,1.6265640038498554,45.0,200.0,220.0,0.0
15,791.0,984.0,313.0,2.527156549520767,1.554373561288127,438.1085508309148,33.0,0.6060606060606061,1.726579520697168,35.0,160.0,230.0,0.0
61,799.0,1260.0,554.0,1.4422382671480145,2.538107305135308,756.891397527396,35.0,0.6857142857142857,1.6336996336996337,35.0,200.0,210.0,0.0
290,802.0,1022.0,390.0,2.056410256410256,2.375499650220031,568.8358207413681,31.0,0.5806451612903226,1.6855409504550052,45.0,170.0,220.0,0.0
25,828.0,1323.0,554.0,1.4945848375451263,2.2358347510798326,748.5929808615899,35.0,0.6571428571428571,1.6906130268199233,35.0,170.0,210.0,0.0
277,830.0,1395.0,593.0,1.3996627318718382,2.1243163896501804,744.1271624957395,35.0,0.6,1.6466905187835421,45.0,160.0,210.0,0.0
279,831.0,1051.0,346.0,2.401734104046243,2.132784741568874,548.1643651687134,33.0,0.5757575757575758,1.6804619826756497,45.0,160.0,230.0,0.0
398,832.0,1067.0,316.0,2.632911392405063,1.9696781327637198,520.7324237510458,31.0,0.5483870967741935,1.7101303911735206,50.0,150.0,220.0,0.0
159,839.0,1039.0,335.0,2.5044776119402985,1.5682136435316725,466.9854835211369,33.0,0.6060606060606061,1.6955252918287937,40.0,170.0,230.0,0.0
265,841.0,1439.0,598.0,1.4063545150501673,1.9700081799609466,747.8007302134868,35.0,0.6,1.656529516994633,45.0,150.0,210.0,0.0
375,870.0,1049.0,360.0,2.4166666666666665,1.696836051338031,480.27696470806956,33.0,0.6060606060606061,1.6787989080982713,45.0,240.0,230.0,0.0
145,873.0,1393.0,573.0,1.5235602094240839,2.0907319553337227,732.937544540957,35.0,0.6,1.7125581395348837,40.0,160.0,210.0,0.0
411,877.0,1055.0,354.0,2.477401129943503,2.0630713169533292,548.2526621290835,33.0,0.5454545454545454,1.7492537313432837,50.0,160.0,230.0,0.0
243,883.0,1052.0,335.0,2.635820895522388,1.5344714089169065,458.9075820328235,33.0,0.6363636363636364,1.7080223880597014,40.0,240.0,230.0,0.0
133,884.0,1437.0,573.0,1.5427574171029668,1.935672632179146,736.6111122587042,35.0,0.6,1.7227906976744187,40.0,150.0,210.0,0.0
266,893.0,1128.0,306.0,2.918300653594771,1.9582713137685084,556.3164551078795,31.0,0.5483870967741935,1.8215811965811965,45.0,150.0,220.0,0.0
387,898.0,1077.0,360.0,2.4944444444444445,1.6694352115920423,485.8179165676868,33.0,0.6060606060606061,1.7042766151046407,45.0,250.0,230.0,0.0
135,908.0,1125.0,311.0,2.919614147909968,1.3273685817556826,453.4619762241662,33.0,0.5757575757575758,1.804102564102564,40.0,150.0,230.0,0.0
255,911.0,1080.0,335.0,2.719402985074627,1.5125044640034528,464.4485338924407,33.0,0.6363636363636364,1.734141791044776,40.0,250.0,230.0,0.0
507,916.0,1095.0,370.0,2.4756756756756757,1.6420810636621177,480.3652616684397,33.0,0.5757575757575758,1.7436619718309858,50.0,240.0,230.0,0.0
171,922.0,1090.0,335.0,2.7522388059701495,1.5591840696996178,499.54174714163247,33.0,0.6060606060606061,1.7762645914396888,40.0,180.0,230.0,0.0
207,927.0,1095.0,335.0,2.7671641791044777,1.6810170783670761,485.46882907633676,33.0,0.6363636363636364,1.7490671641791045,40.0,210.0,230.0,0.0
13,936.0,1419.0,542.0,1.7269372693726937,2.1094541961301196,755.5718490823272,35.0,0.6285714285714286,1.8232373386295928,35.0,160.0,210.0,0.0
519,944.0,1123.0,370.0,2.5513513513513515,1.6152372812861322,485.9062135280569,33.0,0.5757575757575758,1.7699530516431925,50.0,250.0,230.0,0.0
1,947.0,1463.0,542.0,1.7472324723247232,1.9558790213912014,759.2454168000744,35.0,0.6285714285714286,1.8341608738828201,35.0,150.0,210.0,0.0
27,949.0,1132.0,313.0,3.0319488817891376,1.5992916141950895,525.4587073052334,33.0,0.6060606060606061,1.8986928104575165,35.0,170.0,230.0,0.0
363,966.0,1144.0,360.0,2.683333333333333,1.996773518805659,581.716549095754,33.0,0.6060606060606061,1.7661510464058234,45.0,230.0,230.0,0.0
231,979.0,1147.0,335.0,2.9223880597014924,1.8285493728714886,560.347166420508,33.0,0.6363636363636364,1.7975746268656716,40.0,230.0,230.0,0.0
183,998.0,1166.0,335.0,2.97910447761194,1.5591062524589532,527.0060472418173,33.0,0.6060606060606061,1.850194552529183,40.0,190.0,230.0,0.0
111,999.0,1148.0,313.0,3.191693290734824,1.562150549668744,520.5465859679202,33.0,0.6363636363636364,1.9152719665271967,35.0,240.0,230.0,0.0
3,1002.0,1202.0,250.0,4.008,1.3878247669055421,507.3929054647236,33.0,0.5757575757575758,1.996594778660613,35.0,150.0,230.0,0.0
291,1006.0,1216.0,346.0,2.907514450867052,2.1350294770200344,651.5801685584739,33.0,0.5757575757575758,1.848893166506256,45.0,170.0,230.0,0.0
495,1012.0,1190.0,370.0,2.735135135135135,1.9367924339588414,581.8048460561242,33.0,0.5757575757575758,1.8338028169014085,50.0,230.0,230.0,0.0
123,1027.0,1176.0,313.0,3.281150159744409,1.5423643352992817,526.0875378275374,33.0,0.6363636363636364,1.9445606694560669,35.0,250.0,230.0,0.0
39,1032.0,1182.0,313.0,3.297124600638978,1.5878710406840173,558.0149709257289,33.0,0.6060606060606061,1.9891067538126364,35.0,180.0,230.0,0.0
75,1043.0,1192.0,313.0,3.3322683706070286,1.6979455784691417,547.1078330114335,33.0,0.6363636363636364,1.961297071129707,35.0,210.0,230.0,0.0
219,1046.0,1214.0,335.0,3.1223880597014926,1.7605498824906909,564.9198934115533,33.0,0.6363636363636364,1.8600746268656716,40.0,220.0,230.0,0.0
423,1052.0,1230.0,354.0,2.9717514124293785,2.076810121407791,651.6684655188441,33.0,0.5454545454545454,1.9233830845771145,50.0,170.0,230.0,0.0
267,1058.0,1285.0,326.0,3.245398773006135,1.8067661574355383,621.9910143460613,33.0,0.5454545454545454,1.947261663286004,45.0,150.0,230.0,0.0
195,1068.0,1236.0,335.0,3.1880597014925374,1.5699262298991388,569.3362390390514,33.0,0.6060606060606061,1.918287937743191,40.0,200.0,230.0,0.0
99,1095.0,1244.0,313.0,3.498402555910543,1.8256352618117744,621.9861703556047,33.0,0.6363636363636364,2.015690376569038,35.0,230.0,230.0,0.0
303,1100.0,1278.0,346.0,3.179190751445087,2.1131600788507217,694.5318009522728,33.0,0.5757575757575758,1.9393647738209818,45.0,180.0,230.0,0.0
399,1104.0,1282.0,326.0,3.3865030674846626,1.758480701896123,622.0793113064315,33.0,0.5151515151515151,2.0294117647058822,50.0,150.0,230.0,0.0
51,1108.0,1258.0,313.0,3.5399361022364215,1.5872088934843667,585.4792710259138,33.0,0.6060606060606061,2.0718954248366015,35.0,190.0,230.0,0.0
339,1112.0,1290.0,346.0,3.213872832369942,2.3438459871882498,693.7443891304572,33.0,0.6060606060606061,1.8989990900818927,45.0,210.0,230.0,0.0
435,1146.0,1324.0,354.0,3.23728813559322,2.0589940500685624,694.6200979126429,33.0,0.5454545454545454,2.016915422885572,50.0,180.0,230.0,0.0
471,1158.0,1336.0,354.0,3.2711864406779663,2.267163632024538,693.8326860908275,33.0,0.5757575757575758,1.9708920187793426,50.0,210.0,230.0,0.0
87,1162.0,1311.0,313.0,3.7124600638977636,1.7666095626285134,626.55889734665,33.0,0.6363636363636364,2.085774058577406,35.0,220.0,230.0,0.0
315,1176.0,1354.0,346.0,3.398843930635838,2.0861065987985747,721.9961010524577,33.0,0.5757575757575758,2.012512030798845,45.0,190.0,230.0,0.0
63,1178.0,1328.0,313.0,3.763578274760383,1.595426923946225,627.8094628231479,33.0,0.6060606060606061,2.1481481481481484,35.0,200.0,230.0,0.0
447,1222.0,1400.0,354.0,3.4519774011299433,2.0316865135258366,722.0843980128278,33.0,0.5454545454545454,2.0925373134328358,50.0,190.0,230.0,0.0
351,1244.0,1422.0,346.0,3.5953757225433525,2.3784349777893437,785.4756819285072,33.0,0.6060606060606061,2.0191082802547773,45.0,220.0,230.0,0.0
327,1269.0,1447.0,346.0,3.667630057803468,2.1064511989828105,786.0616963262103,33.0,0.5757575757575758,2.1020211742059676,45.0,200.0,230.0,0.0
483,1290.0,1468.0,354.0,3.6440677966101696,2.3116341657688873,785.5639788888774,33.0,0.5757575757575758,2.094835680751174,50.0,220.0,230.0,0.0
459,1315.0,1493.0,354.0,3.714689265536723,2.0568776970532006,786.1499932865804,33.0,0.5454545454545454,2.1850746268656716,50.0,200.0,230.0,0.0
