,开始时间,持续分钟,盈亏大小,最大净值,结束-最大,最小净值,结束-最小,rsi,cci,rsi_cf1,atr,zuheyinzi,zuheyinzi2
0,2019-01-03 15:01:00,2.0,-26.0,-13.0,13.0,25.0,-1.0,16.244385216730905,178.04154302675784,-4.711201995265299,15.99445419130233,50.04299371070902,101.04299371070903
1,2019-01-04 11:00:00,0.0,-30.0,-26.0,4.0,26.0,-4.0,19.82840263164441,200.96292729898752,-6.678976759660642,28.075142726554905,67.99983808809806,175.99983808809804
2,2019-01-07 09:20:00,10.0,-71.0,17.0,88.0,69.0,-2.0,25.601914875637405,136.84061259218592,1.761098318312989,20.596571087804026,59.88254722266002,229.88254722266004
3,2019-01-07 10:06:00,0.0,-50.0,-49.0,1.0,49.0,-1.0,2.063652480812763,117.46345318056615,-6.805628481404369,35.61686212998896,49.426859928858335,43.426859928858335
4,2019-01-08 10:12:00,1.0,-46.0,-20.0,26.0,44.0,-2.0,11.94263581501636,110.00720740700717,-4.071551688185622,29.915427190238958,52.85878374595603,221.85878374595603
5,2019-01-08 10:41:00,11.0,-26.0,16.0,42.0,25.0,-1.0,13.317008807870053,184.95252008764635,-3.206241635424533,27.834201636962288,59.64646245359698,179.646462453597
6,2019-01-08 13:01:00,1.0,-22.0,-10.0,12.0,22.0,0.0,14.318701510306568,239.21077356724123,-3.688973208919336,14.951629395206263,53.19140826223695,104.19140826223695
7,2019-01-09 09:18:00,98.0,318.0,344.0,26.0,6.0,324.0,38.34981533429594,184.12097124759126,1.5668762364593363,19.86049430829912,76.62240676735419,306.62240676735416
8,2019-01-09 13:25:00,24.0,-27.0,28.0,55.0,26.0,-1.0,22.267972622298615,235.31019404209502,2.425139189969613,14.57086035964264,60.369852386150754,133.36985238615074
9,2019-01-10 11:28:00,1.0,-44.0,-8.0,36.0,41.0,-3.0,18.525445825510673,146.37639230435673,-1.883129107239938,23.322729368357933,56.48581442430428,132.4858144243043
10,2019-01-15 09:42:00,9.0,-33.0,25.0,58.0,31.0,-2.0,12.331472614910133,179.7818181818192,0.13823313361823608,29.823970824403286,60.13362525749534,113.13362525749534
11,2019-01-15 11:01:00,46.0,16.0,87.0,71.0,-12.0,4.0,19.46682336952327,251.58822904493198,2.174188608069869,22.618616959894425,67.24426323391089,161.24426323391089
12,2019-01-17 10:57:00,4.0,-60.0,14.0,74.0,58.0,-2.0,23.496884466753926,142.35490523420933,0.0,25.83237218395013,63.56474717412499,223.564747174125
13,2019-01-18 09:44:00,4.0,-26.0,14.0,40.0,25.0,-1.0,19.429678168063873,165.20126540853386,0.10318734292221166,33.50350479605093,69.45330950496819,153.4533095049682
14,2019-01-21 10:05:00,10.0,-28.0,42.0,70.0,27.0,-1.0,17.022657406333025,271.81710681907754,2.4736393323280765,36.99046264085912,81.19483072909989,189.1948307290999
15,2019-01-23 09:44:00,17.0,-3.0,91.0,94.0,1.0,-2.0,27.064300139092552,311.5010490177448,6.547543769794302,25.249478245524436,83.46388328639146,285.4638832863915
16,2019-01-24 13:48:00,2.0,-30.0,-8.0,22.0,27.0,-3.0,14.086150044828358,220.88709677421033,-3.1760345053793486,14.33115702722957,50.50601674947896,91.50601674947896
17,2019-01-25 09:46:00,10.0,-17.0,73.0,90.0,16.0,-1.0,22.354654897520447,230.57498297951497,0.188651161418818,30.513058041718775,75.92521123719072,257.92521123719075
18,2019-02-01 09:19:00,8.0,-50.0,3.0,53.0,48.0,-2.0,18.122949899338465,139.17109121168738,-3.5807902832974747,18.057085990104724,50.097145010611925,140.09714501061194
19,2019-02-08 11:01:00,8.0,-28.0,13.0,41.0,28.0,0.0,14.248221513854801,194.91833030851828,-5.682696694839976,16.702649521307833,50.442704066014464,77.44270406601447
20,2019-02-08 13:37:00,37.0,-25.0,45.0,70.0,22.0,-3.0,28.94312658518693,166.4629422398135,-1.9862423796422775,13.168243323558515,58.757664132726795,152.7576641327268
21,2019-02-11 14:30:00,110.0,103.0,116.0,13.0,-3.0,100.0,25.230937503103718,242.39896447583303,3.949827639497528,13.18926382747977,62.66009777816679,121.66009777816679
22,2019-02-13 09:57:00,2.0,-33.0,-1.0,32.0,32.0,-1.0,20.07262234946606,219.56656346749938,0.24226427286858154,25.724866658076127,67.75414535429212,137.75414535429212
23,2019-02-13 11:15:00,305.0,76.0,177.0,101.0,1.0,77.0,27.987097805404588,256.6313590929277,3.2678483826654627,19.780759353305914,73.43099306800326,188.43099306800326
24,2019-02-14 11:51:00,256.0,-2.0,101.0,103.0,7.0,5.0,22.53400672609088,354.85304169520714,2.7198858270638766,14.676472775266019,72.69578367087762,143.69578367087763
25,2019-02-18 09:36:00,2.0,-23.0,-4.0,19.0,23.0,0.0,23.65624817503941,205.94804278831313,-0.5762816469864873,26.483068904033026,70.73412135790375,197.73412135790375
26,2019-02-18 09:40:00,1.0,-26.0,20.0,46.0,26.0,0.0,24.867900268663163,132.5199543899632,2.1306648587184895,26.984000132732646,65.10389584039213,247.1038958403921
27,2019-02-19 09:17:00,14.0,-28.0,47.0,75.0,28.0,0.0,14.419619280400113,301.9438444924487,-5.440544147299846,12.650598204034326,57.26460193367931,78.2646019336793
28,2019-02-20 09:17:00,77.0,168.0,215.0,47.0,15.0,183.0,19.38518146867989,252.93085293088885,-6.7103324887975475,15.33988263166067,60.01814939342945,119.01814939342944
29,2019-02-21 10:51:00,185.0,1.0,181.0,180.0,9.0,10.0,14.649635762934494,266.358500256821,2.4546286907281853,20.603001102784653,61.88848689140124,108.88848689140124
30,2019-02-22 14:31:00,109.0,143.0,160.0,17.0,13.0,156.0,25.26304636862025,226.28167354159922,1.2594334788520598,13.39851636520571,61.28973008798588,137.28973008798587
31,2019-02-25 09:17:00,19.0,-31.0,44.0,75.0,29.0,-2.0,17.93101878079608,222.11981566816021,-8.016001685147415,13.789425950270285,53.93242629788239,107.93242629788239
32,2019-02-27 09:32:00,2.0,-28.0,-3.0,25.0,30.0,2.0,12.773172021052716,209.1564527757788,-1.123990295627749,18.871347084179476,52.56016438281007,120.56016438281007
33,2019-03-01 15:58:00,4.0,-28.0,-2.0,26.0,24.0,-4.0,24.199181988004185,223.484320557434,0.27185279985884847,10.837622772830919,57.3852368165785,122.3852368165785
34,2019-03-04 09:38:00,0.0,-43.0,-43.0,0.0,43.0,0.0,3.583505212394158,26.427734047870924,-9.249124212275461,28.741253851192695,34.967532468373946,40.967532468373946
35,2019-03-04 11:35:00,96.0,151.0,240.0,89.0,5.0,156.0,24.703213231852246,191.93513039668565,-1.1453684020205515,18.744451566543372,62.64117783806419,185.64117783806418
36,2019-03-05 10:40:00,29.0,-29.0,103.0,132.0,27.0,-2.0,17.60768584711171,181.72226532195555,2.2446937764066632,25.366341295964904,61.14625367527216,179.14625367527216
37,2019-03-06 09:50:00,6.0,-25.0,36.0,61.0,22.0,-3.0,17.373530747990912,246.903669724815,2.7834591977605214,27.646565930895918,69.71046365136833,239.71046365136834
38,2019-03-11 09:49:00,0.0,-33.0,-32.0,1.0,32.0,-1.0,10.473100751178485,207.06984667804383,-6.388793075739876,30.08977715867333,61.2698625776562,99.2698625776562
39,2019-03-12 10:27:00,196.0,17.0,76.0,59.0,12.0,29.0,10.8878927229594,227.29528535975874,-1.2374663761470117,19.529148023569842,53.14656928250511,106.14656928250511
40,2019-03-12 15:21:00,7.0,-23.0,-6.0,17.0,21.0,-2.0,16.22918515339005,228.13141683777718,-5.340827360627614,11.239791191315211,50.282118028482984,85.28211802848298
41,2019-03-14 09:45:00,3.0,-23.0,4.0,27.0,21.0,-2.0,10.607510188524316,245.9546925566392,0.8017841266936969,27.753570231321007,62.956549675509244,130.95654967550925
42,2019-03-15 09:56:00,77.0,280.0,324.0,44.0,4.0,284.0,12.066479176820913,245.75450945886942,1.4210854715202004e-14,20.286389017010904,56.92831913971876,116.92831913971875
43,2019-03-18 15:28:00,52.0,14.0,36.0,22.0,9.0,23.0,18.412213661950787,249.3068565005142,-4.397954495452524,12.078240827461903,55.421140139464114,111.42114013946411
44,2019-03-19 09:19:00,36.0,-23.0,51.0,74.0,21.0,-2.0,24.487533071404712,248.79366222546543,1.96137408064412,12.19322633671253,61.560125630663784,114.56012563066378
45,2019-03-19 16:03:00,3.0,-28.0,17.0,45.0,26.0,-2.0,28.169248405378553,330.7814992026822,3.53590467170244,13.737029195338295,74.98442752098507,159.98442752098507
46,2019-03-21 09:17:00,7.0,-30.0,-6.0,24.0,30.0,0.0,30.15960030935841,228.7822878228725,-1.7132707953979889,24.1425338607068,77.18036295235245,325.1803629523524
47,2019-03-22 13:09:00,21.0,-25.0,33.0,58.0,24.0,-1.0,22.013869154151877,261.95001759943494,2.1269135831611408,17.429418810631148,65.63828972472652,161.63828972472652
48,2019-04-01 09:18:00,99.0,196.0,232.0,36.0,16.0,212.0,42.496386498029906,154.1631623212658,0.2019535577412057,21.749348196064318,79.6620509262208,347.6620509262208
49,2019-04-02 09:18:00,11.0,-33.0,13.0,46.0,30.0,-3.0,16.898313161968275,231.16095786600604,-4.248108272157239,12.17551530955678,52.18992425812566,82.18992425812566
50,2019-04-02 16:19:00,1.0,-8.0,-1.0,7.0,6.0,-2.0,23.54214762305908,204.2553191489113,0.3519824694680267,8.70937501764744,52.67705455559765,78.67705455559765
51,2019-04-03 09:17:00,1.0,-38.0,-1.0,37.0,38.0,0.0,34.82386454614512,250.8200734394387,0.224443098650994,13.515365250296764,73.42123714038576,171.42123714038576
52,2019-04-03 09:41:00,86.0,-3.0,95.0,98.0,8.0,5.0,21.150458675599353,216.04018417748705,-1.63972993233223,22.953822282633162,65.70829937598123,163.70829937598123
53,2019-04-09 11:01:00,3.0,-23.0,17.0,40.0,21.0,-2.0,29.625221751399792,203.24597974986543,2.505156274448197,17.393132905286155,67.34295263167249,206.3429526316725
54,2019-04-11 09:32:00,3.0,-31.0,-4.0,27.0,29.0,-2.0,24.446157107588988,285.0924499229037,-1.7308077259900898,14.711390720145353,67.66679282002471,163.6667928200247
55,2019-04-12 14:34:00,1.0,-31.0,-11.0,20.0,30.0,-1.0,19.705281703590458,186.29825889479687,-4.242201905279046,13.94961047178814,52.28471806485828,139.28471806485828
56,2019-04-12 16:02:00,9.0,16.0,77.0,61.0,-17.0,-1.0,30.65849840023509,363.6934673366293,3.3357036831939553,12.490735298743623,79.51858043264164,136.51858043264164
57,2019-04-15 09:22:00,116.0,16.0,130.0,114.0,-1.0,15.0,22.80865459041223,229.88816043192924,1.1846346092591773,11.426398229264548,57.22386886286971,115.22386886286971
58,2019-04-16 09:17:00,0.0,-30.0,-29.0,1.0,29.0,-1.0,21.541324032273295,189.92805755396182,-11.990518101024662,14.627471796252074,55.16160158392155,137.16160158392154
59,2019-04-16 10:39:00,0.0,-23.0,-21.0,2.0,21.0,-2.0,19.97987038893217,124.70275885951914,-6.4071802462858045,22.450519015979232,54.900665290863316,212.90066529086332
60,2019-04-16 11:21:00,276.0,152.0,192.0,40.0,1.0,153.0,23.954547158479528,186.66301519923073,1.8387599233826677,20.04572163239778,62.66657031080038,176.66657031080038
61,2019-04-17 09:18:00,5.0,-26.0,-1.0,25.0,23.0,-3.0,23.338374036288485,270.10723860588604,0.6695804353183519,10.292556896971917,60.64165479384901,98.641654793849
62,2019-04-24 13:44:00,9.0,-28.0,11.0,39.0,25.0,-3.0,16.76851569308326,316.7438782262358,-2.962350869955827,16.07972165682816,64.52262517253499,97.52262517253499
63,2019-05-02 09:34:00,8.0,-36.0,8.0,44.0,34.0,-2.0,24.142610675706322,180.91158327620738,1.6238913813574527,17.650814625745966,59.88458362907303,132.88458362907303
64,2019-05-02 14:56:00,5.0,-24.0,-1.0,23.0,22.0,-2.0,34.29153186916706,182.86358511837702,0.1964669459449908,10.022689408127235,62.600579789132,133.60057978913198
65,2019-05-03 11:02:00,4.0,-28.0,-5.0,23.0,26.0,-2.0,33.988105873137556,185.3849116821781,-1.9596999869957017,18.117882065556,70.64447910691138,228.64447910691138
66,2019-05-06 15:20:00,60.0,52.0,78.0,26.0,0.0,52.0,17.732194465915555,280.16468878662687,1.4627526247198972,17.446849116204035,63.195512460782275,129.19551246078228
67,2019-05-07 14:21:00,119.0,36.0,153.0,117.0,-7.0,29.0,19.771152972286373,228.815511614513,1.3525835236576427,19.106039322707815,61.75874345644549,127.75874345644549
68,2019-05-08 09:18:00,6.0,-33.0,-5.0,28.0,32.0,-1.0,13.628059683635009,238.60561914673423,-2.5895072086840045,16.77491050555943,54.26353210386786,115.26353210386786
69,2019-05-08 09:36:00,286.0,14.0,191.0,177.0,10.0,24.0,14.171548275585295,153.69050356405353,-2.490219558373852,22.754285835980884,52.29488446797153,136.29488446797154
70,2019-05-09 13:12:00,11.0,-23.0,48.0,71.0,23.0,0.0,25.536859924861176,184.0705936282485,2.299544075750248,18.633203782050764,62.577123069736786,173.57712306973679
71,2019-05-10 11:28:00,1.0,-38.0,-4.0,34.0,37.0,-1.0,14.369058483138602,260.28402592452125,-0.44310756654118677,41.18519203419622,81.58265310978695,287.582653109787
72,2019-05-10 11:31:00,0.0,-31.0,-32.0,-1.0,32.0,1.0,10.877907588657798,131.44687666845087,-3.9824944339083928,43.635776485597745,67.65837174110064,257.6583717411006
73,2019-05-15 09:50:00,7.0,-34.0,26.0,60.0,31.0,-3.0,20.989177455768782,179.24791086351067,-1.3258619249970849,23.371990965313987,62.28595950743383,205.28595950743383
74,2019-05-20 10:46:00,0.0,-38.0,-37.0,1.0,37.0,-1.0,6.494049537046479,157.36509479827419,-5.524909133999778,31.187105629228338,53.41766464610224,161.41766464610225
75,2019-05-21 09:21:00,53.0,12.0,154.0,142.0,3.0,15.0,26.83751299621558,136.5853658536466,2.277602755573028,21.45264432331291,61.94869390489315,185.94869390489316
76,2019-05-22 09:18:00,12.0,-32.0,40.0,72.0,31.0,-1.0,36.573722962789205,261.3827217301368,0.847595643736085,11.502662263186116,74.214657398989,172.214657398989
77,2019-05-23 10:24:00,3.0,-25.0,7.0,32.0,23.0,-2.0,9.673673219975079,270.08909630884887,1.2307629825479651,25.71472524441357,62.39730809527354,125.39730809527353
78,2019-05-27 11:28:00,6.0,-28.0,-9.0,19.0,26.0,-2.0,13.884723049079007,158.12241141278696,-5.125229837484774,20.797933441052084,50.49489763140979,135.4948976314098
79,2019-05-27 13:11:00,157.0,16.0,124.0,108.0,11.0,27.0,16.183052774408196,253.49740932647933,-0.5071477622996525,13.8375895977094,55.370383304765525,94.37038330476553
80,2019-06-03 09:18:00,1.0,-28.0,-8.0,20.0,24.0,-4.0,17.167683283140605,196.8971332209159,-3.8794971928001445,10.625497710369054,47.48289431560124,96.48289431560124
81,2019-06-06 15:31:00,2.0,-25.0,-14.0,11.0,24.0,-1.0,16.083999756562378,167.09248850278334,-8.853946304493164,9.644224441729452,42.43747304857017,73.43747304857017
82,2019-06-06 16:02:00,18.0,0.0,16.0,16.0,15.0,15.0,13.943342726237852,305.33208606185696,-3.4466228666875125,9.33428725365951,53.81083858608306,88.81083858608307
83,2019-06-10 09:45:00,37.0,204.0,238.0,34.0,-29.0,175.0,25.158214414949953,293.8028169014316,2.390596175006081,32.09768448848385,86.63618059357697,208.63618059357697
84,2019-06-13 09:17:00,5.0,-28.0,4.0,32.0,26.0,-2.0,28.828076441721805,232.02785030467487,0.9515803623196888,12.592223145024954,64.62308461721425,158.62308461721426
85,2019-06-13 10:54:00,9.0,-29.0,42.0,71.0,28.0,-1.0,21.006164526964554,280.6301050175259,5.365869862316757,23.491181231443683,72.56035626016083,204.56035626016083
86,2019-06-13 11:20:00,26.0,15.0,123.0,108.0,-3.0,12.0,16.997507321513268,299.4225216554074,0.6194254619818622,24.18797981872173,71.12773930577575,157.12773930577575
87,2019-06-14 09:32:00,3.0,-50.0,-7.0,43.0,49.0,-1.0,18.2571259000742,272.04751241359116,-2.3386420589064585,19.919607473086508,65.38148461451982,113.38148461451982
88,2019-06-17 09:17:00,43.0,266.0,312.0,46.0,-34.0,232.0,41.015618987156586,252.8187665531816,1.49252247874729,19.1951723596016,85.49266800207634,314.49266800207636
89,2019-06-18 10:11:00,2.0,-31.0,4.0,35.0,29.0,-2.0,21.144767309262065,170.0581978727682,0.7702140225204062,25.685342473948985,63.83592957048787,228.83592957048788
90,2019-06-18 14:25:00,49.0,-33.0,55.0,88.0,32.0,-1.0,24.561354802826855,197.50534568782476,0.3806666266129497,13.406347403786052,57.71823677539538,146.71823677539538
91,2019-06-19 09:17:00,15.0,-7.0,113.0,120.0,17.0,10.0,38.00026179019417,311.0672645739849,0.9836926229876326,17.433748323987622,86.54073657158028,253.54073657158028
92,2019-06-24 09:44:00,1.0,-24.0,-15.0,9.0,22.0,-2.0,9.479661935713615,164.43719412724406,-3.3712588533234396,24.703145090041595,50.626526438479615,109.62652643847962
93,2019-06-27 09:39:00,0.0,-31.0,-28.0,3.0,28.0,-3.0,12.071380315067145,182.06641416365514,-7.0581624326277534,20.940193032552905,51.218214763985564,119.21821476398557
94,2019-07-02 09:18:00,0.0,-25.0,-21.0,4.0,21.0,-4.0,39.03310341023605,156.74371348742613,-3.9962974215261085,31.23758856398951,85.94506332296818,512.9450633229682
95,2019-07-02 09:23:00,0.0,-29.0,-26.0,3.0,26.0,-3.0,28.119893570489026,61.8253189401387,-5.101963998042365,29.290691198041266,63.59311666254416,451.59311666254416
96,2019-07-02 09:41:00,32.0,-11.0,129.0,140.0,9.0,-2.0,18.927136645850624,109.44718814720572,0.0,31.75069890265903,61.62255436323022,86.62255436323022
97,2019-07-03 16:09:00,11.0,-14.0,2.0,16.0,13.0,-1.0,16.401235438975533,190.88596863079997,-8.607034168628104,9.573897323650037,45.06372962570556,91.06372962570556
98,2019-07-04 09:46:00,1.0,-26.0,-19.0,7.0,24.0,-2.0,17.395287621975314,197.22222222223078,-5.4948393813681236,24.51463802800918,61.63214787220757,200.63214787220755
99,2019-07-05 10:37:00,6.0,-25.0,8.0,33.0,24.0,-1.0,23.71357685703289,143.15411065958975,-2.26061388707123,18.09687184476309,56.12585976775495,153.12585976775495
100,2019-07-09 09:56:00,9.0,-27.0,21.0,48.0,26.0,-1.0,10.682304738020711,228.26405867969325,-0.49272169946954136,26.916470926775787,60.42518153276582,120.42518153276582
101,2019-07-11 09:27:00,9.0,15.0,71.0,56.0,-2.0,13.0,31.44544212449165,111.49413564507414,0.6779071760339122,15.010374393887483,57.60523008288654,206.60523008288655
102,2019-07-11 09:48:00,24.0,-28.0,19.0,47.0,25.0,-3.0,19.357771856184513,254.65365389192766,0.6804915038051718,25.859818538253965,70.68295578363124,177.68295578363126
103,2019-07-12 09:18:00,2.0,-25.0,-2.0,23.0,22.0,-3.0,25.99625320372843,166.1956811516884,-1.6203051041471213,11.109898322985913,53.72571964188318,113.72571964188319
104,2019-07-12 09:26:00,4.0,-31.0,-3.0,28.0,29.0,-2.0,23.503798295922053,165.41095890410418,-4.545603122898186,16.22913372692291,56.27402791325538,139.2740279132554
105,2019-07-12 09:35:00,6.0,-32.0,17.0,49.0,31.0,-1.0,23.09672846860525,196.90005344734695,0.8214611206598477,24.25581135034559,67.04254516368553,167.04254516368553
106,2019-07-16 09:17:00,0.0,-51.0,-49.0,2.0,49.0,-2.0,6.932073035445896,113.47517730494982,-32.33884454268242,11.669196572896782,29.948787338837658,56.94878733883766
107,2019-07-17 15:03:00,77.0,40.0,66.0,26.0,4.0,44.0,21.117752262364746,243.66152878259737,0.0,7.8814276164655475,53.36533275709003,85.36533275709003
108,2019-07-18 09:36:00,1.0,-31.0,-17.0,14.0,29.0,-2.0,12.47584164066238,157.3664533299567,-5.037238699543408,22.551628776666835,50.76411575032488,185.7641157503249
109,2019-07-19 09:36:00,0.0,-29.0,-28.0,1.0,28.0,-1.0,19.562306754933758,218.04056970221475,-7.000134753678921,25.409007055490708,66.77537078064594,167.77537078064594
110,2019-07-19 09:48:00,392.0,39.0,68.0,29.0,19.0,58.0,22.39192420385912,183.6049856184079,1.6110706191571609,26.713343781055737,67.46576654675565,231.46576654675565
111,2019-07-22 10:05:00,7.0,-26.0,-4.0,22.0,24.0,-2.0,6.9778656773298735,178.84615384613323,-2.837930544066829,28.238732471610323,53.10121353355352,152.1012135335535
112,2019-07-24 09:32:00,215.0,0.0,120.0,120.0,4.0,4.0,19.495112276368374,238.40304182507853,-1.325584292766024,21.307152756128637,64.64256921500487,168.64256921500487
113,2019-07-25 09:18:00,2.0,-25.0,-16.0,9.0,23.0,-2.0,18.22392510946021,166.01099218973448,-11.584933972565707,8.747985402781673,43.573009731215336,92.57300973121534
114,2019-08-02 09:47:00,1.0,-31.0,-16.0,15.0,28.0,-3.0,10.161231982384464,214.0182429188659,-3.269904618696451,28.657246451734824,60.220302726005876,138.22030272600588
115,2019-08-06 11:29:00,97.0,169.0,266.0,97.0,-15.0,154.0,20.333400920067774,236.9703036369855,1.978342439688035,28.635649764975938,72.66608104874226,206.66608104874226
116,2019-08-06 15:15:00,28.0,10.0,73.0,63.0,14.0,24.0,16.68231773757438,137.56527415143208,-3.8602261747269893,21.22247115473252,51.66131630745011,137.6613163074501
117,2019-08-07 09:18:00,0.0,-38.0,-39.0,-1.0,39.0,1.0,9.173264045789168,196.44578313257833,-15.368982689131599,18.526365504203437,47.34420786325043,66.34420786325043
118,2019-08-08 09:22:00,22.0,104.0,186.0,82.0,-21.0,83.0,17.129547763933843,288.70755461963023,4.209495340928008,22.420268932640194,68.42057215853706,142.42057215853706
119,2019-08-08 09:57:00,1.0,-30.0,-12.0,18.0,29.0,-1.0,16.496323825161227,256.68571428570493,-2.2643410620738535,31.04579744420714,73.21069269793887,135.21069269793887
120,2019-08-12 09:33:00,7.0,-24.0,62.0,86.0,22.0,-2.0,22.31905831291914,186.59940499288348,4.159966165995442,29.92755810436769,70.90655691657517,198.90655691657517
121,2019-08-13 09:18:00,23.0,8.0,83.0,75.0,6.0,14.0,32.092001346247486,181.83209292620674,0.6836981074596338,21.59608625866095,71.8712968975291,295.8712968975291
122,2019-08-15 09:18:00,7.0,-28.0,40.0,68.0,25.0,-3.0,19.379105466574345,207.91935483866945,-4.675711325334703,18.73177269721014,58.90281364765143,152.90281364765144
123,2019-08-15 09:45:00,0.0,-28.0,-25.0,3.0,25.0,-3.0,20.993479115938243,176.4705882352888,-5.4381744752722625,31.801089091288873,70.441627030756,230.441627030756
124,2019-08-15 10:20:00,38.0,130.0,202.0,72.0,-16.0,114.0,18.330335548109673,225.7094017093998,2.5191630892714443,25.608177313164852,66.50945303221451,145.5094530322145
125,2019-08-16 09:19:00,1.0,-31.0,-2.0,29.0,29.0,-2.0,22.741655758451742,166.53409090910213,0.0,23.028219330067568,62.42328417942953,189.42328417942952
126,2019-08-19 09:31:00,16.0,8.0,100.0,92.0,-10.0,-2.0,29.54440580652131,224.2105263157781,3.8111905302431097,30.658377579322064,82.62383601742118,450.6238360174212
127,2019-08-20 09:40:00,48.0,1.0,131.0,130.0,17.0,18.0,16.209528797287305,354.01402961798357,8.07025954780358,24.450823949118444,76.0617557082041,160.0617557082041
128,2019-08-21 09:18:00,2.0,-28.0,-1.0,27.0,26.0,-2.0,21.38164779062292,250.21276595744257,0.6223226551538943,11.220273470553456,57.62319785692064,111.62319785692064
129,2019-08-21 15:07:00,73.0,-1.0,43.0,44.0,18.0,17.0,32.14362548648009,200.4466279589147,5.004231272396396,12.414191216740532,64.60247949911209,153.6024794991121
130,2019-08-26 10:49:00,4.0,-35.0,11.0,46.0,32.0,-3.0,22.32865770369638,255.7561673221548,1.4045374498339527,27.876372545916105,75.78064698182797,246.78064698182797
131,2019-08-26 14:57:00,8.0,18.0,123.0,105.0,-19.0,-1.0,31.049935906842023,329.2198160782653,5.944782604339565,16.554300543928086,80.52621805859664,231.52621805859664
132,2019-09-03 09:17:00,13.0,-28.0,27.0,55.0,27.0,-1.0,22.84421211399757,291.107644305734,0.24244685941388866,13.51477259470102,65.469749139272,125.469749139272
133,2019-09-03 09:33:00,97.0,9.0,162.0,153.0,-6.0,3.0,24.867358412157103,280.042746460012,4.726225296709998,23.945857843794396,76.81749090195271,231.8174909019527
134,2019-09-04 09:17:00,27.0,133.0,190.0,57.0,-7.0,126.0,28.543208954613164,247.27530077848536,1.3515662463154001,13.075864679789401,66.3466037122511,173.3466037122511
135,2019-09-04 09:49:00,22.0,10.0,71.0,61.0,-5.0,5.0,21.095219867597123,148.08439755692223,0.8156976599375696,25.287273854777638,61.19093347806698,90.19093347806698
136,2019-09-04 13:58:00,30.0,422.0,626.0,204.0,-28.0,394.0,28.817677497333122,261.4931030852006,4.708381655183231,14.224352397031124,69.1913402028843,171.1913402028843
137,2019-09-04 15:35:00,0.0,-32.0,-31.0,1.0,31.0,-1.0,17.972711509339774,191.86046511628177,-7.448949916512802,27.021413098723198,64.18017111969115,127.18017111969115
138,2019-09-04 15:42:00,8.0,-42.0,29.0,71.0,40.0,-2.0,18.89267347637454,122.19919878436468,0.6898736244256582,31.643265193770876,62.755858548581884,236.7558585485819
139,2019-09-05 09:27:00,3.0,-28.0,1.0,29.0,28.0,0.0,19.658889343480396,149.23798925926974,-2.4855200286925907,24.312879005214217,58.895567274621584,219.89556727462158
140,2019-09-05 13:27:00,0.0,-27.0,-137.0,-110.0,137.0,110.0,-8.335564260672896,24.9452954048157,-22.69130812210213,27.19954342217001,21.358508701978682,-44.64149129802132
141,2019-09-09 09:17:00,4.0,-24.0,4.0,28.0,22.0,-2.0,23.018146607114986,212.051649928293,0.0,13.597759018442447,57.82107061838673,116.82107061838673
142,2019-09-09 09:34:00,0.0,-56.0,-53.0,3.0,53.0,-3.0,7.527894019209533,94.96500338677342,-15.417715708382538,26.29659874223539,43.320993100122266,139.32099310012228
143,2019-09-10 09:26:00,4.0,-30.0,10.0,40.0,27.0,-3.0,29.340791719902285,152.20563091302338,1.114696139275381,16.672380831976945,61.23373564318157,192.23373564318157
144,2019-09-11 11:12:00,27.0,220.0,283.0,63.0,-19.0,201.0,28.00650689646625,280.0085160740496,3.3704616645111116,17.20079051761962,73.20814902149084,181.20814902149084
145,2019-09-12 11:51:00,2.0,-28.0,-12.0,16.0,25.0,-3.0,18.860661057563405,266.4751743947988,-3.818997691067352,15.077061736655468,60.58524023369875,119.58524023369876
146,2019-09-13 15:08:00,13.0,-27.0,-2.0,25.0,25.0,-2.0,19.022437364023332,172.06982543639964,-4.93350935753034,11.308707463703765,47.53812737136706,92.53812737136707
147,2019-09-13 15:27:00,21.0,-24.0,40.0,64.0,22.0,-2.0,19.170096936246438,279.8383021728179,-0.6259481544953616,11.437940161351731,58.59186731487996,81.59186731487996
148,2019-09-19 14:00:00,6.0,-26.0,16.0,42.0,23.0,-3.0,31.64666599007589,228.2208588956728,2.755010286662042,12.318962372526373,66.78771425216954,169.78771425216954
149,2019-09-19 15:32:00,48.0,30.0,37.0,7.0,13.0,43.0,15.590024349805915,260.6849315067994,-2.138508227256878,13.802590791171161,55.46110829165701,96.46110829165701
150,2019-09-23 09:18:00,20.0,-24.0,58.0,82.0,23.0,-1.0,37.2692661046451,194.8677928755279,1.7862105371293495,15.515145413962715,72.2711908061606,242.2711908061606
151,2019-09-23 15:06:00,7.0,-27.0,2.0,29.0,26.0,-1.0,30.00449715792803,268.7221396731048,-1.4246444250717758,12.271377328387942,69.14808845362646,138.14808845362646
152,2019-09-24 10:15:00,1.0,-35.0,-17.0,18.0,33.0,-2.0,18.216343816799423,132.2710770471974,-4.4629500377378974,22.094900982214096,53.538352503733265,167.53835250373328
153,2019-09-25 10:42:00,18.0,8.0,110.0,102.0,-10.0,-2.0,25.444999493538973,302.6729778644042,7.492200760642774,28.234029426562397,83.94632670654178,273.94632670654175
154,2019-09-27 10:35:00,324.0,,30.0,,19.0,,20.197994499891763,259.1549295774244,-0.930091243191157,14.755089953372355,60.868577411006555,134.86857741100656
155,2019-10-02 13:11:00,10.0,-25.0,21.0,46.0,22.0,-3.0,21.236848677106224,137.60640961442672,-4.956729837726897,13.394649268552808,48.39213890710171,110.39213890710171
156,2019-10-03 09:24:00,345.0,267.0,384.0,117.0,16.0,283.0,14.291325880766436,149.48805460750668,-4.960522967764717,18.334112435788363,47.57424377730547,78.57424377730547
157,2019-10-04 09:18:00,4.0,-35.0,0.0,35.0,33.0,-2.0,25.41267682751824,248.32985386218354,1.084921364450821,9.420145717963136,59.66580793169973,99.66580793169973
158,2019-10-04 15:15:00,4.0,-24.0,54.0,78.0,22.0,-2.0,22.388914508206653,299.30124223604184,7.294121716193672,26.30593159354544,78.62497032535627,220.6249703253563
159,2019-10-08 09:37:00,52.0,197.0,236.0,39.0,10.0,207.0,18.72544286396635,195.14699020065285,2.709814571870311,25.26017205307516,63.500313937106796,130.5003139371068
160,2019-10-10 09:39:00,16.0,-33.0,30.0,63.0,30.0,-3.0,10.152454767762755,233.42709558634832,2.856301403584119,40.59127773996454,74.08644206636212,182.0864420663621
161,2019-10-11 09:19:00,138.0,250.0,286.0,36.0,6.0,256.0,33.207047154789834,205.1298091960918,0.5199684008837835,14.77410655776822,68.49413463216723,206.49413463216723
162,2019-10-11 13:03:00,19.0,8.0,86.0,78.0,-3.0,5.0,26.23892793313526,230.9136872517002,1.0762940332554223,17.090966340810798,66.42126299911607,142.42126299911607
163,2019-10-15 09:17:00,16.0,-24.0,59.0,83.0,22.0,-2.0,33.51918058938425,244.51038575660306,2.8813519891612316,11.431847267776876,69.40206643282143,164.4020664328214
164,2019-10-17 09:55:00,2.0,-30.0,-9.0,21.0,29.0,-1.0,16.551647353518334,206.50860065087514,-2.6255421973591666,27.55807306832635,64.7605804869322,165.7605804869322
165,2019-10-21 09:34:00,1.0,-55.0,2.0,57.0,52.0,-3.0,15.178135171882914,244.15073115854415,0.5665610879446916,23.721217980132355,63.31442626786968,131.3144262678697
166,2019-10-22 09:17:00,15.0,-24.0,51.0,75.0,22.0,-2.0,35.511274208040106,292.65367316345106,2.5469741970757127,9.421575354165798,74.19821687855101,169.19821687855102
167,2019-10-22 10:07:00,9.0,-23.0,20.0,43.0,21.0,-2.0,11.81478350543739,234.23236514525215,1.7269406090119546,24.75547656169134,59.99349658165394,133.99349658165394
168,2019-10-24 15:01:00,68.0,-24.0,46.0,70.0,22.0,-2.0,21.01483016951242,338.76651982387216,-2.1508360307746983,9.96221587622042,64.85369802812005,118.85369802812005
169,2019-11-01 09:36:00,116.0,187.0,222.0,35.0,-14.0,173.0,26.666812623689466,204.275427542754,2.3600791632795364,19.092617324096608,66.18697270206147,180.18697270206147
170,2019-11-04 09:18:00,103.0,166.0,196.0,30.0,8.0,174.0,18.23977800101008,217.80194619349336,-2.038079581396218,15.195996465583233,55.21596908594265,107.21596908594265
171,2019-11-04 15:48:00,19.0,-27.0,9.0,36.0,25.0,-2.0,27.694030616628808,208.8461538461152,-3.4967287146335906,7.547535626807731,56.12618162804806,115.12618162804806
172,2019-11-06 09:46:00,9.0,-50.0,18.0,68.0,50.0,0.0,8.500214779984937,181.30461288355684,-1.7303248588507216,24.292671372686797,50.92334744102742,99.92334744102742
173,2019-11-07 10:23:00,22.0,-28.0,31.0,59.0,26.0,-2.0,20.789455300839847,157.23306544202208,-1.703208436543548,19.298166741100626,55.81092858614269,166.8109285861427
174,2019-11-07 15:21:00,24.0,145.0,275.0,130.0,-23.0,122.0,25.473605373299506,369.6586599241098,6.705792238310451,10.728522823963482,73.16799418967398,136.16799418967398
175,2019-11-08 11:12:00,8.0,-27.0,13.0,40.0,25.0,-2.0,17.31913176255557,289.84244049615916,3.031329641640511,16.436782648881778,62.74015846105326,117.74015846105326
176,2019-11-18 09:18:00,6.0,-23.0,18.0,41.0,21.0,-2.0,20.158687911642573,317.7427554652451,-5.477066420915762,13.266864573693665,65.19982803186076,132.19982803186076
177,2019-11-18 09:38:00,2.0,-32.0,-4.0,28.0,30.0,-2.0,20.657246319815584,172.17472407897398,-0.6601021394750717,28.088139603876176,65.96285833158916,138.96285833158916
178,2019-11-18 15:17:00,43.0,-29.0,39.0,68.0,27.0,-2.0,29.566807458758973,428.1846153847953,9.214618785336029,12.70394309385544,85.08921209109394,179.08921209109394
179,2019-11-19 09:49:00,263.0,188.0,224.0,36.0,16.0,204.0,24.29359399587247,119.37387734155239,-2.415660039029646,26.094963651540507,62.32594538156822,273.3259453815682
180,2019-11-20 10:31:00,3.0,-24.0,7.0,31.0,23.0,-1.0,17.61211167277814,231.5879828326457,0.0,20.352787548837426,61.12369750488014,122.12369750488014
181,2019-11-20 13:06:00,0.0,-29.0,-27.0,2.0,27.0,-2.0,6.496435998614693,195.00713266754192,-12.422237533392256,12.235031248360631,38.23218051372952,58.23218051372952
182,2019-11-21 10:22:00,1.0,-33.0,21.0,54.0,29.0,-4.0,16.875922480129617,353.1780994336077,2.5704166154146577,31.154723726492048,83.34845614998244,207.34845614998244
183,2019-11-21 15:08:00,0.0,-24.0,-21.0,3.0,21.0,-3.0,5.129416262371699,169.2660550458772,-11.118747382024047,13.733118376015403,35.78914014297482,45.78914014297482
184,2019-11-22 09:31:00,2.0,-39.0,-16.0,23.0,37.0,-2.0,16.07505342746805,200.36454336145877,-3.6020623067837505,21.737052277884146,57.848560041498075,179.84856004149808
185,2019-11-22 15:20:00,13.0,-25.0,7.0,32.0,23.0,-2.0,28.900858577542877,240.05293339225668,2.941044323884327,8.091662890630785,60.99781480739933,115.99781480739932
186,2019-11-22 16:09:00,0.0,-38.0,-37.0,1.0,37.0,-1.0,13.398013015731138,161.29597197899898,-20.65727935050643,13.346913630292828,42.87452384392387,89.87452384392387
187,2019-11-25 09:18:00,49.0,202.0,241.0,39.0,-7.0,195.0,35.77768233134118,176.9758874748819,0.45736274914663966,19.94259183496929,73.41786291379867,303.4178629137987
188,2019-11-26 09:18:00,2.0,-33.0,-7.0,26.0,31.0,-2.0,32.4380707596667,172.74631128034196,-7.873098560666634,14.395392006437694,64.10809389413859,201.1080938941386
189,2019-11-26 09:47:00,1.0,-37.0,-19.0,18.0,37.0,0.0,12.17507400508314,189.9075875486322,-3.677955180549482,34.08097322979065,65.24680598973701,72.24680598973701
190,2019-12-02 09:19:00,18.0,-50.0,68.0,118.0,48.0,-2.0,29.958590484435973,141.55605077025757,0.3702912681952313,18.051324856868252,62.165520418329976,183.16552041832998
191,2019-12-03 09:17:00,0.0,-26.0,-25.0,1.0,25.0,-1.0,5.8422596241940425,208.2240340305197,-15.826008125963853,10.083775621865476,36.74843864911149,55.74843864911149
192,2019-12-04 09:36:00,8.0,-25.0,2.0,27.0,25.0,0.0,17.00984842336446,172.5960830510962,0.5376434149995077,29.095364094639926,63.364820823114,239.364820823114
193,2019-12-06 09:17:00,17.0,-35.0,43.0,78.0,32.0,-3.0,42.27016713892297,307.0649052269104,1.9524299012858393,15.236122246832615,88.21277990844663,267.21277990844663
194,2019-12-06 10:09:00,4.0,-33.0,-4.0,29.0,30.0,-3.0,24.142510433265784,317.9401993355098,-0.3865078872697296,22.357389971389726,78.29392033820649,199.29392033820648
195,2019-12-06 14:02:00,138.0,68.0,114.0,46.0,6.0,74.0,14.78874731242665,329.87886944802517,0.7705488301317587,9.492407586274537,57.26904184350371,87.26904184350371
196,2019-12-09 10:39:00,5.0,-26.0,8.0,34.0,24.0,-2.0,21.61308643166913,137.78213935229485,-3.637140968607511,22.991230672358263,58.382531039256875,197.3825310392569
197,2019-12-09 14:53:00,19.0,-23.0,-2.0,21.0,21.0,-2.0,16.568573942770286,252.07100591709866,-9.162405422097237,7.679041895971689,49.45471643045184,71.45471643045184
count,,198.0,197.0,198.0,197.0,198.0,197.0,198.0,198.0,198.0,198.0,198.0,198.0
mean,,35.121212121212125,5.588832487309645,53.015151515151516,47.54314720812183,20.772727272727273,26.370558375634516,20.788159861388706,215.64930497902267,-1.4641051916626215,19.94054540290171,62.293635762192686,159.576464045021
std,,67.9739085099365,78.97085794938923,96.13988736136058,39.69095430082088,18.509261329420347,68.96101935146224,8.009249877223462,63.42359325913342,5.192253023083432,7.419697299793107,11.023504682053456,72.17784576056957
min,,0.0,-71.0,-137.0,-110.0,-34.0,-4.0,-8.335564260672896,24.9452954048157,-32.33884454268242,7.547535626807731,21.358508701978682,-44.64149129802132
25%,,2.0,-31.0,-4.0,22.0,13.0,-2.0,16.232985169225262,172.63364010840763,-3.786491570530348,13.631598857835687,55.43113217751234,114.70163963000985
50%,,8.0,-26.0,17.0,39.0,24.0,-1.0,20.115655130554316,210.6040513520359,0.0,19.150605841154707,62.305952444501024,143.05852333499683
75%,,27.75,1.0,76.75,70.0,29.0,5.0,25.25501915224112,253.3557702275817,1.6206861908073797,25.558384748746317,68.47574401375968,191.53112277724355
max,,392.0,422.0,626.0,204.0,137.0,394.0,42.496386498029906,428.1846153847953,9.214618785336029,43.635776485597745,88.21277990844663,512.9450633229682
